"","2010-08-1088","2013-03-25",""
"","2010-08-1088","2013-04-25",""
"","2010-08-1088","2013-05-25",""
"","2010-08-1088","2013-06-25",""
"","2010-08-1088","2013-07-25",""
"","2010-08-1088","2013-08-25",""
"","2010-08-1088","2013-09-25",""
"","2010-08-1088","2013-10-25",""
"","2010-08-1088","2013-11-25",""
"","2010-08-1088","2013-12-25",""
"","2013-10-1519","2012-08-28",""
"","2013-10-1519","2012-09-28",""
"","2013-10-1519","2012-10-28",""
"","2013-10-1519","2012-11-28",""
"","2013-10-1519","2012-12-28",""
"","2013-10-1519","2013-02-28",""
"","2013-10-1519","2013-03-28",""
"","2013-10-1519","2013-04-28",""
"","2013-10-1519","2013-05-28",""
"","2013-10-1519","2013-06-28",""
"","2013-10-1519","2013-07-28",""
"","2013-10-1519","2013-08-28",""
"","2013-10-1519","2013-09-28",""
"","2013-10-1519","2013-10-28",""
"","2013-10-1519","2013-11-28",""
"","2013-10-1519","2013-12-28",""
"","2004-07-0192","2013-01-25",""
"","2004-07-0192","2013-02-25",""
"","2004-07-0192","2013-03-25",""
"","2004-07-0192","2013-04-25",""
"","2004-07-0192","2013-05-25",""
"","2004-07-0192","2013-06-25",""
"","2004-07-0192","2013-07-25",""
"","2004-07-0192","2013-08-25",""
"","2004-07-0192","2013-09-25",""
"","2004-07-0192","2013-10-25",""
"","2004-07-0192","2013-11-25",""
"","2004-07-0192","2013-12-25",""
"","2012-02-1267","2013-12-27",""
"","2007-11-0783","2013-10-25",""
"","2007-11-0783","2013-11-25",""
"","2007-11-0783","2013-12-25",""
"","2012-05-1292","2013-12-25",""
"","2006-06-0589","2013-12-24",""
"","2007-07-0742","2013-10-24",""
"","2007-07-0742","2013-11-24",""
"","2007-07-0742","2013-12-24",""
"","2012-11-1361","2013-12-24",""
"","2007-07-0745","2013-11-24",""
"","2007-07-0745","2013-12-24",""
"","2007-08-0746","2013-12-28",""
"","2013-09-1503","2013-12-25",""
"","2012-07-1315","2013-12-26",""
"","2006-08-0642","2013-11-27",""
"","2006-08-0642","2013-12-27",""
"","2011-05-1198","2013-12-25",""
"","2011-11-1241","2013-11-28",""
"","2011-11-1241","2013-12-28",""
"","2005-10-0395","2013-10-25",""
"","2005-10-0395","2013-11-25",""
"","2005-10-0395","2013-12-25",""
"","2005-10-0424","2013-11-25",""
"","2005-10-0424","2013-12-25",""
"","2007-11-0780","2013-12-25",""
"","2005-10-0412","2013-11-25",""
"","2005-10-0412","2013-12-25",""
"","2010-05-1006","2013-05-25",""
"","2010-05-1006","2013-06-25",""
"","2010-05-1006","2013-07-25",""
"","2010-05-1006","2013-08-25",""
"","2010-05-1006","2013-09-25",""
"","2010-05-1006","2013-10-25",""
"","2010-05-1006","2013-11-25",""
"","2010-05-1006","2013-12-25",""
"","2010-04-0991","2013-11-25",""
"","2010-04-0991","2013-12-25",""
"","2007-11-0772","2013-11-25",""
"","2007-11-0772","2013-12-25",""
"","2006-08-0636","2013-12-25",""
"","2010-05-1024","2013-09-27",""
"","2010-05-1024","2013-10-27",""
"","2010-05-1024","2013-11-27",""
"","2010-05-1024","2013-12-27",""
"","2012-10-1356","2013-09-27",""
"","2012-10-1356","2013-10-27",""
"","2012-10-1356","2013-11-27",""
"","2012-10-1356","2013-12-27",""
"","2004-05-0108","2013-12-25",""
"","2004-05-0107","2013-09-25",""
"","2004-05-0107","2013-10-25",""
"","2004-05-0107","2013-11-25",""
"","2004-05-0107","2013-12-25",""
"","2006-07-0608","2013-10-24",""
"","2006-07-0608","2013-11-24",""
"","2006-07-0608","2013-12-24",""
"","2004-05-0094","2013-10-26",""
"","2004-05-0094","2013-11-26",""
"","2004-05-0094","2013-12-26",""
"","2012-04-1269","2013-11-25",""
"","2012-04-1269","2013-12-25",""
"","2013-07-1484","2013-11-27",""
"","2013-07-1484","2013-12-27",""
"","2004-05-0057","2013-11-26",""
"","2004-05-0057","2013-12-26",""
"","2006-02-0471","2013-12-25",""
"","2007-04-0702","2013-11-25",""
"","2007-04-0702","2013-12-25",""
"","2005-10-0400","2013-12-25",""
"","2012-05-1293","2013-11-25",""
"","2012-05-1293","2013-12-25",""
"","2007-02-0680","2013-11-27",""
"","2007-02-0680","2013-12-27",""
"","2004-05-0010","2013-10-27",""
"","2004-05-0010","2013-11-27",""
"","2004-05-0010","2013-12-27",""
"","2005-06-0320","2013-11-27",""
"","2005-06-0320","2013-12-27",""
"","2007-05-0703","2013-08-27",""
"","2007-05-0703","2013-09-27",""
"","2007-05-0703","2013-10-27",""
"","2007-05-0703","2013-11-27",""
"","2007-05-0703","2013-12-27",""
"","2012-05-1297","2013-10-27",""
"","2012-05-1297","2013-11-27",""
"","2012-05-1297","2013-12-27",""
"","2013-06-1454","2013-11-27",""
"","2013-06-1454","2013-12-27",""
"","2008-04-0820","2013-12-28",""
"","2011-01-1130","2013-10-27",""
"","2011-01-1130","2013-11-27",""
"","2011-01-1130","2013-12-27",""
"","2007-12-0787","2013-10-25",""
"","2007-12-0787","2013-11-25",""
"","2007-12-0787","2013-12-25",""
"","2009-06-0926","2013-11-25",""
"","2009-06-0926","2013-12-25",""
"","2012-11-1363","2013-12-27",""
"","2012-12-1367","2013-08-27",""
"","2012-12-1367","2013-09-27",""
"","2012-12-1367","2013-10-27",""
"","2012-12-1367","2013-11-27",""
"","2012-12-1367","2013-12-27",""
"","2013-01-1374","2013-11-27",""
"","2013-01-1374","2013-12-27",""
"","2013-02-1397","2013-10-27",""
"","2013-02-1397","2013-11-27",""
"","2013-02-1397","2013-12-27",""
"","2006-07-0631","2013-10-27",""
"","2006-07-0631","2013-11-27",""
"","2006-07-0631","2013-12-27",""
"","2007-07-0736","2013-09-25",""
"","2007-07-0736","2013-10-25",""
"","2007-07-0736","2013-11-25",""
"","2007-07-0736","2013-12-25",""
"","2010-04-0996","2013-11-25",""
"","2010-04-0996","2013-12-25",""
"","2010-11-1110","2013-12-27",""
"","2004-05-0056","2013-11-27",""
"","2004-05-0056","2013-12-27",""
"","2007-04-0699","2013-11-27",""
"","2007-04-0699","2013-12-27",""
"","2004-05-0007","2013-11-27",""
"","2004-05-0007","2013-12-27",""
"","2004-05-0008","2013-10-27",""
"","2004-05-0008","2013-11-27",""
"","2004-05-0008","2013-12-27",""
"","2005-11-0434","2013-10-27",""
"","2005-11-0434","2013-11-27",""
"","2005-11-0434","2013-12-27",""
"","2006-11-0664","2013-10-28",""
"","2006-11-0664","2013-11-28",""
"","2006-11-0664","2013-12-28",""
"","2004-06-0129","2013-12-26",""
"","2007-06-0726","2013-10-25",""
"","2007-06-0726","2013-11-25",""
"","2007-06-0726","2013-12-25",""
"","2012-02-1258","2013-10-26",""
"","2012-02-1258","2013-11-26",""
"","2012-02-1258","2013-12-26",""
"","2012-05-1298","2013-12-27",""
"","2012-02-1250","2013-12-27",""
"","2008-09-0854","2013-11-26",""
"","2008-09-0854","2013-12-26",""
"","2007-04-0701","2008-11-25",""
"","2007-04-0701","2008-12-25",""
"","2005-09-0348","2013-10-26",""
"","2005-09-0348","2013-11-26",""
"","2005-09-0348","2013-12-26",""
"","2006-10-0660","2013-11-26",""
"","2006-10-0660","2013-12-26",""
"","2006-05-0580","2013-10-27",""
"","2006-05-0580","2013-11-27",""
"","2006-05-0580","2013-12-27",""
"","2007-01-0674","2013-11-27",""
"","2007-01-0674","2013-12-27",""
"","2011-09-1234","2013-10-27",""
"","2011-09-1234","2013-11-27",""
"","2011-09-1234","2013-12-27",""
"","2010-05-1007","2013-12-24",""
"","2004-12-0249","2013-11-26",""
"","2004-12-0249","2013-12-26",""
"","2004-05-0005","2013-10-24",""
"","2004-05-0005","2013-11-24",""
"","2004-05-0005","2013-12-24",""
"","2005-02-0263","2013-11-24",""
"","2005-02-0263","2013-12-24",""
"","2006-04-0498","2013-11-24",""
"","2006-04-0498","2013-12-24",""
"","2007-08-0757","2013-12-28",""
"","2004-05-0041","2013-12-26",""
"","2012-10-1332","2013-11-27",""
"","2012-10-1332","2013-12-27",""
"","2010-03-0987","2013-11-27",""
"","2010-03-0987","2013-12-27",""
"","2005-03-0275","2013-12-28",""
"","2006-05-0532","2013-11-27",""
"","2006-05-0532","2013-12-27",""
"","2004-08-0209","2006-02-28",""
"","2004-08-0209","2006-03-28",""
"","2004-08-0209","2006-04-28",""
"","2004-08-0209","2006-05-28",""
"","2004-08-0209","2006-06-28",""
"","2004-10-0237","2013-12-27",""
"","2006-06-0600","2013-08-27",""
"","2006-05-0550","2013-10-27",""
"","2006-05-0550","2013-11-27",""
"","2006-05-0550","2013-12-27",""
"","2004-06-0123","2013-10-27",""
"","2004-06-0123","2013-11-27",""
"","2004-06-0123","2013-12-27",""
"","2010-06-1040","2013-03-27",""
"","2010-06-1040","2013-04-27",""
"","2010-06-1040","2013-08-27",""
"","2010-06-1040","2013-09-27",""
"","2010-06-1040","2013-10-27",""
"","2010-06-1040","2013-11-27",""
"","2010-06-1040","2013-12-27",""
"","2006-07-0633","2013-12-27",""
"","2010-11-1119","2013-10-27",""
"","2010-11-1119","2013-11-27",""
"","2010-11-1119","2013-12-27",""
"","2006-05-0518","2013-11-27",""
"","2006-05-0518","2013-12-27",""
"","2010-07-1061","2013-12-27",""
"","2012-01-1247","2013-11-27",""
"","2012-01-1247","2013-12-27",""
"","2007-12-0786","2013-10-27",""
"","2007-12-0786","2013-11-27",""
"","2007-12-0786","2013-12-27",""
"","2013-01-1385","2013-10-27",""
"","2013-01-1385","2013-11-27",""
"","2013-01-1385","2013-12-27",""
"","2006-08-0640","2013-12-26",""
"","2007-01-0673","2013-11-24",""
"","2007-01-0673","2013-12-24",""
"","2005-10-0355","2013-10-24",""
"","2005-10-0355","2013-11-24",""
"","2005-10-0355","2013-12-24",""
"","2011-09-1237","2013-12-25",""
"","2006-05-0578","2013-11-27",""
"","2006-05-0578","2013-12-27",""
"","2005-12-0454","2013-07-28",""
"","2005-12-0454","2013-08-28",""
"","2005-12-0454","2013-09-28",""
"","2005-12-0454","2013-10-28",""
"","2005-12-0454","2013-11-28",""
"","2005-12-0454","2013-12-28",""
"","2004-06-0127","2012-01-28",""
"","2004-06-0127","2012-02-28",""
"","2009-09-0940","2013-10-25",""
"","2009-09-0940","2013-11-25",""
"","2009-09-0940","2013-12-25",""
"","2006-06-0597","2013-12-27",""
"","2006-05-0534","2013-12-27",""
"","2006-05-0538","2013-10-24",""
"","2006-05-0538","2013-11-24",""
"","2006-05-0538","2013-12-24",""
"","2004-06-0160","2013-12-26",""
"","2004-09-0228","2013-12-26",""
"","2005-10-0428","2013-11-25",""
"","2005-10-0428","2013-12-25",""
"","2008-02-0802","2013-12-25",""
"","2006-09-0646","2013-12-25",""
"","2011-01-1136","2013-12-27",""
"","2008-12-0886","2013-11-27",""
"","2008-12-0886","2013-12-27",""
"","2010-01-0964","2013-11-27",""
"","2010-01-0964","2013-12-27",""
"","2013-07-1487","2013-12-27",""
"","2008-06-0831","2013-12-27",""
"","2004-06-0142","2013-12-27",""
"","2008-08-0853","2013-11-27",""
"","2008-08-0853","2013-12-27",""
"","2005-07-0325","2013-10-26",""
"","2005-07-0325","2013-11-26",""
"","2005-07-0325","2013-12-26",""
"","2004-05-0072","2013-10-26",""
"","2004-05-0072","2013-11-26",""
"","2004-05-0072","2013-12-26",""
"","2005-11-0442","2013-12-28",""
"","2011-05-1200","2013-12-28",""
"","2004-06-0116","2013-12-26",""
"","2013-01-1381","2013-12-27",""
"","2013-01-1376","2013-11-27",""
"","2013-01-1376","2013-12-27",""
"","2012-12-1366","2013-12-27",""
"","2012-05-1276","2013-12-28",""
"","2008-10-0866","2013-08-24",""
"","2008-10-0866","2013-09-24",""
"","2008-10-0866","2013-10-24",""
"","2008-10-0866","2013-11-24",""
"","2008-10-0866","2013-12-24",""
"","2004-07-0190","2013-11-28",""
"","2004-07-0190","2013-12-28",""
"","2004-05-0087","2013-12-26",""
"","2011-01-1134","2013-12-27",""
"","2004-05-0080","2013-08-28",""
"","2004-05-0080","2013-09-28",""
"","2004-05-0080","2013-10-28",""
"","2004-05-0080","2013-11-28",""
"","2004-05-0080","2013-12-28",""
"","2005-01-0256","2013-09-27",""
"","2005-01-0256","2013-10-27",""
"","2005-01-0256","2013-11-27",""
"","2005-01-0256","2013-12-27",""
"","2010-09-1091","2013-10-24",""
"","2010-09-1091","2013-11-24",""
"","2010-09-1091","2013-12-24",""
"","2010-07-1063","2013-12-25",""
"","2006-07-0629","2013-12-25",""
"","2006-02-0469","2013-12-25",""
"","2013-01-1383","2013-12-24",""
"","2013-02-1393","2013-10-26",""
"","2013-02-1393","2013-11-26",""
"","2013-02-1393","2013-12-26",""
"","2009-01-0888","2013-11-28",""
"","2009-01-0888","2013-12-28",""
"","2012-07-1311","2013-12-24",""
"","2006-05-0564","2013-11-27",""
"","2006-05-0564","2013-12-27",""
"","2005-09-0352","2013-11-26",""
"","2005-09-0352","2013-12-26",""
"","2011-02-1157","2013-05-27",""
"","2011-02-1157","2013-06-27",""
"","2011-02-1157","2013-07-27",""
"","2011-02-1157","2013-08-27",""
"","2011-02-1157","2013-12-27",""
"","2009-08-0937","2013-12-27",""
"","2004-05-0112","2013-11-24",""
"","2004-05-0112","2013-12-24",""
"","2008-08-0849","2013-11-27",""
"","2008-08-0849","2013-12-27",""
"","2007-06-0722","2013-12-27",""
"","2010-08-1083","2013-10-27",""
"","2010-08-1083","2013-11-27",""
"","2010-08-1083","2013-12-27",""
"","2008-09-0860","2013-12-27",""
"","2007-07-0743","2013-11-27",""
"","2007-07-0743","2013-12-27",""
"","2013-04-1414","2013-12-27",""
"","2012-10-1336","2013-09-27",""
"","2012-10-1336","2013-10-27",""
"","2012-10-1336","2013-11-27",""
"","2012-10-1336","2013-12-27",""
"","2010-05-1033","2012-01-28",""
"","2010-05-1033","2012-02-28",""
"","2010-04-0992","2013-11-28",""
"","2010-04-0992","2013-12-28",""
"","2010-08-1078","2013-08-27",""
"","2010-08-1078","2013-09-27",""
"","2010-08-1078","2013-10-27",""
"","2010-08-1078","2013-11-27",""
"","2010-08-1078","2013-12-27",""
"","2013-03-1409","2013-09-27",""
"","2013-03-1409","2013-10-27",""
"","2013-03-1409","2013-11-27",""
"","2013-03-1409","2013-12-27",""
"","2007-05-0716","2013-12-27",""
"","2013-09-1501","2013-09-27",""
"","2013-09-1501","2013-10-27",""
"","2013-09-1501","2013-11-27",""
"","2013-09-1501","2013-12-27",""
"","2007-01-0672","2013-11-27",""
"","2007-01-0672","2013-12-27",""
"","2007-05-0708","2013-11-24",""
"","2007-05-0708","2013-12-24",""
"","2004-07-0189","2013-11-24",""
"","2004-07-0189","2013-12-24",""
"","2012-05-1284","2013-10-27",""
"","2012-05-1284","2013-11-27",""
"","2012-05-1284","2013-12-27",""
"","2011-01-1131","2013-11-27",""
"","2011-01-1131","2013-12-27",""
"","2011-01-1141","2013-10-27",""
"","2011-01-1141","2013-11-27",""
"","2011-01-1141","2013-12-27",""
"","2012-05-1282","2013-12-25",""
"","2011-01-1135","2013-11-27",""
"","2011-01-1135","2013-12-27",""
"","2009-03-0107","2013-12-26",""
"","2004-09-0222","2013-07-25",""
"","2004-09-0222","2013-08-25",""
"","2004-09-0222","2013-09-25",""
"","2004-09-0222","2013-10-25",""
"","2004-09-0222","2013-11-25",""
"","2004-09-0222","2013-12-25",""
"","2007-03-0683","2013-09-25",""
"","2007-03-0683","2013-10-25",""
"","2007-03-0683","2013-11-25",""
"","2007-03-0683","2013-12-25",""
"","2010-07-1053","2013-09-27",""
"","2010-07-1053","2013-10-27",""
"","2010-07-1053","2013-11-27",""
"","2010-07-1053","2013-12-27",""
"","2012-02-1259","2013-09-27",""
"","2012-02-1259","2013-10-27",""
"","2012-02-1259","2013-11-27",""
"","2012-02-1259","2013-12-27",""
"","2009-02-0898","2013-09-25",""
"","2009-02-0898","2013-10-25",""
"","2009-02-0898","2013-11-25",""
"","2009-02-0898","2013-12-25",""
"","2007-05-0715","2013-08-27",""
"","2007-05-0715","2013-09-27",""
"","2007-05-0715","2013-10-27",""
"","2007-05-0715","2013-11-27",""
"","2007-05-0715","2013-12-27",""
"","2010-05-1005","2013-01-25",""
"","2010-05-1005","2013-02-25",""
"","2010-05-1005","2013-07-25",""
"","2010-05-1005","2013-08-25",""
"","2010-05-1005","2013-09-25",""
"","2010-05-1005","2013-10-25",""
"","2010-05-1005","2013-11-25",""
"","2010-05-1005","2013-12-25",""
"","2009-03-0904","2013-11-24",""
"","2009-03-0904","2013-12-24",""
"","2010-11-1120","2013-12-28",""
"","2008-02-0800","2013-10-25",""
"","2008-02-0800","2013-11-25",""
"","2008-02-0800","2013-12-25",""
"","2008-10-0865","2013-07-27",""
"","2008-10-0865","2013-08-27",""
"","2008-10-0865","2013-09-27",""
"","2008-10-0865","2013-10-27",""
"","2008-10-0865","2013-11-27",""
"","2008-10-0865","2013-12-27",""
"","2008-09-0858","2013-12-28",""
"","2005-04-0294","2013-10-26",""
"","2005-04-0294","2013-11-26",""
"","2005-04-0294","2013-12-26",""
"","2010-04-0989","2013-11-25",""
"","2010-04-0989","2013-12-25",""
"","2009-12-0963","2013-11-27",""
"","2009-12-0963","2013-12-27",""
"","2012-06-1305","2013-11-25",""
"","2012-06-1305","2013-12-25",""
"","2010-11-1122","2013-11-24",""
"","2010-11-1122","2013-12-24",""
"","2004-05-0068","2013-12-27",""
"","2011-01-1140","2013-12-25",""
"","2005-10-0354","2013-04-28",""
"","2005-10-0354","2013-09-28",""
"","2005-10-0354","2013-10-28",""
"","2005-10-0354","2013-11-28",""
"","2005-10-0354","2013-12-28",""
"","2013-07-1488","2013-11-27",""
"","2013-07-1488","2013-12-27",""
"","2007-05-0707","2013-10-27",""
"","2007-05-0707","2013-11-27",""
"","2007-05-0707","2013-12-27",""
"","2004-05-0081","2013-12-25",""
"","2004-09-0224","2013-12-26",""
"","2010-08-1070","2013-11-26",""
"","2010-08-1070","2013-12-26",""
"","2009-04-0915","2013-12-26",""
"","2008-04-0810","2013-12-28",""
"","2013-03-1407","2013-12-28",""
"","2013-04-1418","2013-12-28",""
"","2010-07-1066","2013-11-28",""
"","2010-07-1066","2013-12-28",""
"","2010-04-1001","2013-12-28",""
"","2013-06-1467","2013-09-28",""
"","2013-06-1467","2013-10-28",""
"","2013-06-1467","2013-11-28",""
"","2013-06-1467","2013-12-28",""
"","2009-05-0921","2013-12-28",""
"","2006-09-0654","2013-12-27",""
"","2004-05-0030","2013-12-27",""
"","2013-12-1535","2013-12-16",""
"","2009-09-0941","2013-11-24",""
"","2009-09-0941","2013-12-24",""
"","2004-08-0205","2013-12-28",""
"","2012-11-1360","2013-11-28",""
"","2012-11-1360","2013-12-28",""
"","2010-01-0976","2013-11-28",""
"","2010-01-0976","2013-12-28",""
"","2008-02-0803","2013-09-25",""
"","2008-02-0803","2013-10-25",""
"","2008-02-0803","2013-11-25",""
"","2008-02-0803","2013-12-25",""
"","2006-05-0522","2013-11-26",""
"","2006-05-0522","2013-12-26",""
"","2004-06-0133","2013-11-28",""
"","2004-06-0133","2013-12-28",""
"","2011-05-1195","2013-11-26",""
"","2011-05-1195","2013-12-26",""
"","2009-03-0909","2013-11-28",""
"","2009-03-0909","2013-12-28",""
"","2013-07-1481","2013-11-28",""
"","2013-07-1481","2013-12-28",""
"","2004-06-0172","2013-10-24",""
"","2004-06-0172","2013-11-24",""
"","2004-06-0172","2013-12-24",""
"","2009-05-0919","2013-11-25",""
"","2009-05-0919","2013-12-25",""
"","2005-10-0423","2013-12-25",""
"","2004-05-0045","2013-11-25",""
"","2004-05-0045","2013-12-25",""
"","2012-08-1324","2013-11-25",""
"","2012-08-1324","2013-12-25",""
"","2010-04-0994","2013-09-27",""
"","2010-04-0994","2013-10-27",""
"","2010-04-0994","2013-11-27",""
"","2010-04-0994","2013-12-27",""
"","2012-02-1264","2012-12-28",""
"","2012-02-1264","2013-01-28",""
"","2012-02-1264","2013-02-28",""
"","2012-02-1264","2013-03-28",""
"","2012-02-1264","2013-04-28",""
"","2012-02-1264","2013-05-28",""
"","2012-02-1264","2013-06-28",""
"","2006-07-0622","2013-12-28",""
"","2004-09-0226","2013-01-28",""
"","2004-09-0226","2013-12-28",""
"","2013-10-1515","2013-12-28",""
"","2012-06-1306","2013-10-28",""
"","2012-06-1306","2013-11-28",""
"","2012-06-1306","2013-12-28",""
"","2008-06-0830","2013-12-28",""
"","2007-04-0691","2013-12-26",""
"","2004-09-0223","2013-11-26",""
"","2004-09-0223","2013-12-26",""
"","2011-09-1231","2013-12-27",""
"","2004-05-0078","2013-07-27",""
"","2004-05-0078","2013-12-27",""
"","2011-09-1232","2013-12-24",""
"","2006-05-0537","2013-10-27",""
"","2006-05-0537","2013-11-27",""
"","2006-05-0537","2013-12-27",""
"","2012-05-1287","2013-12-26",""
"","2004-05-0076","2013-12-28",""
"","2006-02-0472","2013-12-25",""
"","2013-09-1508","2013-11-13",""
"","2013-09-1508","2013-12-13",""
"","2008-07-0840","2013-09-28",""
"","2008-07-0840","2013-10-28",""
"","2008-07-0840","2013-11-28",""
"","2008-07-0840","2013-12-28",""
"","2005-10-0367","2013-11-24",""
"","2005-10-0367","2013-12-24",""
"","2004-06-0170","2013-12-24",""
"","2004-05-0092","2013-11-26",""
"","2004-05-0092","2013-12-26",""
"","2008-09-0862","2013-11-26",""
"","2008-09-0862","2013-12-26",""
"","2005-10-0396","2013-12-25",""
"","2005-10-0415","2013-12-25",""
"","2011-02-1153","2013-10-27",""
"","2011-02-1153","2013-11-27",""
"","2011-02-1153","2013-12-27",""
"","2012-10-1349","2013-12-28",""
"","2010-03-0984","2013-12-26",""
"","2012-09-1330","2013-11-24",""
"","2012-09-1330","2013-12-24",""
"","2012-02-1253","2013-11-25",""
"","2012-02-1253","2013-12-25",""
"","2006-05-0583","2013-09-27",""
"","2006-05-0583","2013-10-27",""
"","2006-05-0583","2013-11-27",""
"","2006-05-0583","2013-12-27",""
"","2010-08-1071","2013-12-26",""
"","2004-06-0145","2013-12-26",""
"","2006-04-0500","2013-11-27",""
"","2006-04-0500","2013-12-27",""
"","2004-06-0168","2013-12-24",""
"","2009-11-0960","2013-11-28",""
"","2009-11-0960","2013-12-28",""
"","2010-01-0968","2013-10-25",""
"","2010-01-0968","2013-11-25",""
"","2010-01-0968","2013-12-25",""
"","2009-10-0945","2013-11-25",""
"","2009-10-0945","2013-12-25",""
"","2013-06-1461","2013-12-25",""
"","2009-04-0914","2013-11-27",""
"","2009-04-0914","2013-12-27",""
"","2008-08-0761","2013-12-25",""
"","2005-04-0289","2013-10-26",""
"","2005-04-0289","2013-11-26",""
"","2005-04-0289","2013-12-26",""
"","2006-12-0667","2013-11-26",""
"","2006-12-0667","2013-12-26",""
"","2008-07-0841","2012-04-28",""
"","2008-07-0841","2012-05-28",""
"","2008-07-0841","2012-06-28",""
"","2008-07-0841","2012-07-28",""
"","2011-07-1226","2013-12-28",""
"","2011-02-1161","2013-11-28",""
"","2011-02-1161","2013-12-28",""
"","2005-03-0276","2013-12-26",""
"","2012-10-1331","2013-12-28",""
"","2009-06-0931","2013-12-28",""
"","2006-05-0513","2013-11-27",""
"","2006-05-0513","2013-12-27",""
"","2009-02-0899","2013-10-27",""
"","2009-02-0899","2013-11-27",""
"","2009-02-0899","2013-12-27",""
"","2013-04-1429","2013-10-26",""
"","2013-04-1429","2013-11-26",""
"","2013-04-1429","2013-12-26",""
"","2011-06-1215","2013-12-25",""
"","2006-05-0539","2013-12-25",""
"","2011-02-1164","2013-11-25",""
"","2011-02-1164","2013-12-25",""
"","2005-10-0403","2013-11-25",""
"","2005-10-0403","2013-12-25",""
"","2009-06-0930","2013-09-25",""
"","2009-06-0930","2013-10-25",""
"","2009-06-0930","2013-11-25",""
"","2009-06-0930","2013-12-25",""
"","2013-04-1417","2013-11-27",""
"","2013-04-1417","2013-12-27",""
"","2006-05-0507","2013-12-25",""
"","2004-05-0024","2013-11-24",""
"","2004-05-0024","2013-12-24",""
"","2005-10-0413","2013-12-25",""
"","2010-06-1044","2013-10-26",""
"","2010-06-1044","2013-11-26",""
"","2010-06-1044","2013-12-26",""
"","2013-05-1434","2013-12-24",""
"","2004-06-0111","2013-12-26",""
"","2008-08-0936","2013-12-26",""
"","2005-04-0286","2013-12-28",""
"","2005-11-0433","2013-11-26",""
"","2005-11-0433","2013-12-26",""
"","2013-01-1377","2013-12-28",""
"","2009-09-0942","2013-12-28",""
"","2004-05-0038","2013-10-27",""
"","2004-05-0038","2013-11-27",""
"","2004-05-0038","2013-12-27",""
"","2008-11-0884","2013-11-24",""
"","2008-11-0884","2013-12-24",""
"","2007-11-0781","2013-12-25",""
"","2007-05-0711","2013-11-27",""
"","2007-05-0711","2013-12-27",""
"","2004-11-0246","2013-09-28",""
"","2004-11-0246","2013-10-28",""
"","2004-11-0246","2013-11-28",""
"","2004-11-0246","2013-12-28",""
"","2008-11-0874","2013-12-27",""
"","2012-11-1351","2013-12-28",""
"","2004-05-0031","2013-11-27",""
"","2004-05-0031","2013-12-27",""
"","2013-11-1530","2013-12-28",""
"","2013-09-1509","2013-12-27",""
"","2004-06-0128","2013-10-28",""
"","2004-06-0128","2013-11-28",""
"","2004-06-0128","2013-12-28",""
"","2012-04-1272","2013-12-25",""
"","2009-01-0891","2013-11-25",""
"","2009-01-0891","2013-12-25",""
"","2011-03-1168","2013-10-25",""
"","2011-03-1168","2013-11-25",""
"","2011-03-1168","2013-12-25",""
"","2010-06-1039","2013-12-25",""
"","2006-05-0558","2013-11-27",""
"","2006-05-0558","2013-12-27",""
"","2008-08-0766","2013-11-27",""
"","2008-08-0766","2013-12-27",""
"","2004-05-0062","2013-11-24",""
"","2004-05-0062","2013-12-24",""
"","2005-07-0329","2013-10-28",""
"","2005-07-0329","2013-11-28",""
"","2005-07-0329","2013-12-28",""
"","2006-05-0543","2013-12-25",""
"","2004-05-0032","2013-10-28",""
"","2004-05-0032","2013-11-28",""
"","2004-05-0032","2013-12-28",""
"","2012-11-1354","2013-10-28",""
"","2012-11-1354","2013-11-28",""
"","2012-11-1354","2013-12-28",""
"","2013-06-1469","2013-10-28",""
"","2013-06-1469","2013-11-28",""
"","2013-06-1469","2013-12-28",""
"","2013-02-1398","2013-12-24",""
"","2010-07-1059","2013-11-26",""
"","2010-07-1059","2013-12-26",""
"","2013-07-1483","2013-10-28",""
"","2013-07-1483","2013-11-28",""
"","2013-07-1483","2013-12-28",""
"","2005-02-0268","2013-11-25",""
"","2005-02-0268","2013-12-25",""
"","2013-06-1448","2013-12-26",""
"","2008-08-0850","2013-10-28",""
"","2008-08-0850","2013-11-28",""
"","2008-08-0850","2013-12-28",""
"","2006-05-0557","2013-12-27",""
"","2005-10-0364","2013-11-24",""
"","2005-10-0364","2013-12-24",""
"","2005-01-0259","2013-04-28",""
"","2005-01-0259","2013-07-28",""
"","2005-01-0259","2013-08-28",""
"","2005-01-0259","2013-09-28",""
"","2005-01-0259","2013-10-28",""
"","2005-01-0259","2013-11-28",""
"","2005-01-0259","2013-12-28",""
"","2006-05-0567","2013-08-27",""
"","2006-05-0567","2013-09-27",""
"","2006-05-0567","2013-10-27",""
"","2006-05-0567","2013-11-27",""
"","2006-05-0567","2013-12-27",""
"","2013-08-1498","2013-11-27",""
"","2013-08-1498","2013-12-27",""
"","2012-11-1355","2013-11-25",""
"","2012-11-1355","2013-12-25",""
"","2004-07-0185","2013-12-24",""
"","2005-03-0270","2013-12-24",""
"","2004-06-0158","2013-10-26",""
"","2004-06-0158","2013-11-26",""
"","2004-06-0158","2013-12-26",""
"","2007-10-0768","2013-10-26",""
"","2007-10-0768","2013-11-26",""
"","2007-10-0768","2013-12-26",""
"","2004-05-0044","2013-11-25",""
"","2004-05-0044","2013-12-25",""
"","2005-11-0448","2013-11-26",""
"","2005-11-0448","2013-12-26",""
"","2004-09-0229","2013-11-26",""
"","2004-09-0229","2013-12-26",""
"","2004-09-0230","2013-09-28",""
"","2004-09-0230","2013-10-28",""
"","2004-09-0230","2013-11-28",""
"","2004-09-0230","2013-12-28",""
"","2010-05-1027","2013-10-28",""
"","2010-05-1027","2013-11-28",""
"","2010-05-1027","2013-12-28",""
"","2013-06-1465","2013-12-25",""
"","2013-03-1408","2013-12-26",""
"","2010-08-1072","2013-10-28",""
"","2010-08-1072","2013-11-28",""
"","2010-08-1072","2013-12-28",""
"","2005-11-0438","2013-12-28",""
"","2005-07-0334","2013-11-28",""
"","2005-07-0334","2013-12-28",""
"","2004-05-0103","2013-12-28",""
"","2010-07-1058","2013-12-28",""
"","2005-10-0370","2013-12-28",""
"","2009-08-0938","2013-10-28",""
"","2009-08-0938","2013-11-28",""
"","2009-08-0938","2013-12-28",""
"","2012-07-1309","2013-12-28",""
"","2013-03-1413","2013-12-28",""
"","2013-09-1505","2013-12-28",""
"","2004-07-0181","2013-12-28",""
"","2004-06-0169","2013-10-26",""
"","2004-06-0169","2013-11-26",""
"","2004-06-0169","2013-12-26",""
"","2012-06-1300","2013-12-26",""
"","2005-06-0321","2013-10-27",""
"","2005-06-0321","2013-11-27",""
"","2005-06-0321","2013-12-27",""
"","2006-07-0625","2013-09-28",""
"","2006-07-0625","2013-10-28",""
"","2006-07-0625","2013-11-28",""
"","2006-07-0625","2013-12-28",""
"","2004-10-0234","2013-10-28",""
"","2004-10-0234","2013-11-28",""
"","2004-10-0234","2013-12-28",""
"","2013-02-1389","2013-11-27",""
"","2013-02-1389","2013-12-27",""
"","2010-05-1009","2013-11-28",""
"","2010-05-1009","2013-12-28",""
"","2011-09-1239","2013-11-24",""
"","2011-09-1239","2013-12-24",""
"","2010-06-1038","2013-10-27",""
"","2010-06-1038","2013-11-27",""
"","2010-06-1038","2013-12-27",""
"","2010-05-1032","2013-11-27",""
"","2010-05-1032","2013-12-27",""
"","2006-07-0612","2013-12-27",""
"","2004-06-0134","2013-12-25",""
"","2013-05-1444","2013-10-28",""
"","2013-05-1444","2013-11-28",""
"","2013-05-1444","2013-12-28",""
"","2008-10-0870","2013-10-28",""
"","2008-10-0870","2013-11-28",""
"","2008-10-0870","2013-12-28",""
"","2013-07-1478","2013-12-24",""
"","2013-07-1477","2013-12-24",""
"","2005-06-0323","2013-12-28",""
"","2010-08-1076","2013-10-28",""
"","2010-08-1076","2013-11-28",""
"","2010-08-1076","2013-12-28",""
"","2013-06-1459","2013-11-24",""
"","2013-06-1459","2013-12-24",""
"","2005-10-0357","2013-12-24",""
"","2013-07-1479","2013-12-24",""
"","2008-05-0824","2013-11-25",""
"","2008-05-0824","2013-12-25",""
"","2009-01-0896","2013-12-25",""
"","2008-08-0760","2013-12-25",""
"","2006-05-0503","2013-08-28",""
"","2006-05-0503","2013-09-28",""
"","2006-05-0503","2013-10-28",""
"","2006-05-0503","2013-11-28",""
"","2006-05-0503","2013-12-28",""
"","2009-04-0916","2013-09-28",""
"","2009-04-0916","2013-10-28",""
"","2009-04-0916","2013-11-28",""
"","2009-04-0916","2013-12-28",""
"","2005-10-0393","2013-11-25",""
"","2005-10-0393","2013-12-25",""
"","2009-11-0950","2013-11-28",""
"","2009-11-0950","2013-12-28",""
"","2013-01-1380","2013-06-27",""
"","2013-01-1380","2013-07-27",""
"","2013-01-1380","2013-08-27",""
"","2013-01-1380","2013-09-27",""
"","2013-01-1380","2013-10-27",""
"","2013-01-1380","2013-11-27",""
"","2013-01-1380","2013-12-27",""
"","2010-05-1025","2013-10-27",""
"","2010-05-1025","2013-11-27",""
"","2010-05-1025","2013-12-27",""
"","2006-05-0559","2013-08-27",""
"","2006-05-0559","2013-09-27",""
"","2006-05-0559","2013-10-27",""
"","2006-05-0559","2013-11-27",""
"","2006-05-0559","2013-12-27",""
"","2010-05-1030","2013-11-27",""
"","2010-05-1030","2013-12-27",""
"","2012-04-1270","2013-10-28",""
"","2012-04-1270","2013-11-28",""
"","2012-04-1270","2013-12-28",""
"","2004-05-0001","2013-07-28",""
"","2004-05-0001","2013-10-28",""
"","2004-05-0001","2013-11-28",""
"","2004-05-0001","2013-12-28",""
"","2010-11-1116","2013-11-26",""
"","2010-11-1116","2013-12-26",""
"","2006-05-0551","2013-11-27",""
"","2006-05-0551","2013-12-27",""
"","2004-05-0035","2013-11-24",""
"","2004-05-0035","2013-12-24",""
"","2010-04-0999","2013-07-25",""
"","2010-04-0999","2013-12-25",""
"","2010-11-1109","2013-12-28",""
"","2007-06-0725","2013-10-28",""
"","2007-06-0725","2013-11-28",""
"","2007-06-0725","2013-12-28",""
"","2011-05-1201","2013-11-26",""
"","2011-05-1201","2013-12-26",""
"","2009-07-0844","2013-12-26",""
"","2010-09-1099","2013-11-28",""
"","2010-09-1099","2013-12-28",""
"","2004-06-0176","2013-12-28",""
"","2006-07-0613","2013-10-27",""
"","2006-07-0613","2013-11-27",""
"","2006-07-0613","2013-12-27",""
"","2010-11-1118","2013-08-27",""
"","2010-11-1118","2013-09-27",""
"","2010-11-1118","2013-10-27",""
"","2010-11-1118","2013-11-27",""
"","2010-11-1118","2013-12-27",""
"","2006-03-0429","2013-10-26",""
"","2006-03-0429","2013-12-26",""
"","2005-10-0407","2013-12-25",""
"","2006-05-0520","2013-09-27",""
"","2006-05-0520","2013-10-27",""
"","2006-05-0520","2013-11-27",""
"","2006-05-0520","2013-12-27",""
"","2006-06-0607","2013-11-27",""
"","2006-06-0607","2013-12-27",""
"","2013-02-1399","2013-11-25",""
"","2013-02-1399","2013-12-25",""
"","2011-04-1177","2013-11-25",""
"","2011-04-1177","2013-12-25",""
"","2011-04-1188","2013-12-25",""
"","2005-04-0287","2013-11-24",""
"","2005-04-0287","2013-12-24",""
"","2006-07-0616","2013-12-27",""
"","2010-05-1016","2013-12-25",""
"","2007-02-0677","2013-11-27",""
"","2007-02-0677","2013-12-27",""
"","2010-05-1021","2013-11-27",""
"","2010-05-1021","2013-12-27",""
"","2004-06-0151","2013-11-26",""
"","2004-06-0151","2013-12-26",""
"","2006-01-0459","2013-11-27",""
"","2006-01-0459","2013-12-27",""
"","2013-06-1457","2013-11-27",""
"","2013-06-1457","2013-12-27",""
"","2011-05-1192","2013-11-27",""
"","2011-05-1192","2013-12-27",""
"","2010-05-1022","2013-12-27",""
"","2005-11-0432","2013-12-27",""
"","2012-02-1251","2013-12-26",""
"","2004-05-0018","2013-09-27",""
"","2004-05-0018","2013-10-27",""
"","2004-05-0018","2013-11-27",""
"","2004-05-0018","2013-12-27",""
"","2010-05-1019","2013-10-27",""
"","2010-05-1019","2013-11-27",""
"","2010-05-1019","2013-12-27",""
"","2007-10-0770","2013-11-27",""
"","2007-10-0770","2013-12-27",""
"","2012-10-1339","2013-12-25",""
"","2004-05-0029","2013-11-27",""
"","2004-05-0029","2013-12-27",""
"","2012-05-1288","2013-12-27",""
"","2005-11-0446","2013-12-25",""
"","2010-04-0995","2013-10-27",""
"","2010-04-0995","2013-11-27",""
"","2010-04-0995","2013-12-27",""
"","2004-05-0109","2013-12-25",""
"","2004-05-0091","2013-12-25",""
"","2007-07-0744","2013-12-27",""
"","2006-05-0579","2013-12-27",""
"","2009-10-0949","2013-12-25",""
"","2006-06-0602","2013-10-27",""
"","2006-06-0602","2013-11-27",""
"","2006-06-0602","2013-12-27",""
"","2008-04-0816","2013-08-27",""
"","2008-04-0816","2013-09-27",""
"","2008-04-0816","2013-10-27",""
"","2008-04-0816","2013-11-27",""
"","2008-04-0816","2013-12-27",""
"","2006-04-0494","2013-09-26",""
"","2006-04-0494","2013-10-26",""
"","2006-04-0494","2013-11-26",""
"","2006-04-0494","2013-12-26",""
"","2012-12-1365","2013-12-25",""
"","2007-08-0755","2013-12-25",""
"","2009-11-0951","2013-11-25",""
"","2009-11-0951","2013-12-25",""
"","2012-02-1262","2013-11-24",""
"","2012-02-1262","2013-12-24",""
"","2009-02-0903","2013-10-27",""
"","2009-02-0903","2013-11-27",""
"","2009-02-0903","2013-12-27",""
"","2004-05-0084","2013-12-24",""
"","2004-06-0146","2013-11-25",""
"","2004-06-0146","2013-12-25",""
"","2004-08-0199","2013-11-28",""
"","2004-08-0199","2013-12-28",""
"","2004-05-0082","2013-12-26",""
"","2004-05-0100","2013-11-24",""
"","2004-05-0100","2013-12-24",""
"","2004-05-0067","2013-10-26",""
"","2004-05-0067","2013-11-26",""
"","2004-05-0067","2013-12-26",""
"","2013-07-1475","2013-11-28",""
"","2013-07-1475","2013-12-28",""
"","2004-06-0156","2013-11-24",""
"","2004-06-0156","2013-12-24",""
"","2013-03-1404","2013-11-27",""
"","2013-03-1404","2013-12-27",""
"","2004-05-0004","2013-11-24",""
"","2004-05-0004","2013-12-24",""
"","2010-11-1108","2013-12-27",""
"","2011-06-1214","2013-12-25",""
"","2011-06-1213","2013-12-24",""
"","2005-05-0299","2013-07-28",""
"","2005-05-0299","2013-08-28",""
"","2005-05-0299","2013-09-28",""
"","2005-05-0299","2013-10-28",""
"","2005-05-0299","2013-11-28",""
"","2005-05-0299","2013-12-28",""
"","2005-11-0440","2013-12-28",""
"","2011-09-1236","2013-11-24",""
"","2011-09-1236","2013-12-24",""
"","2005-09-0351","2013-12-24",""
"","2004-09-0218","2013-10-26",""
"","2004-09-0218","2013-11-26",""
"","2004-09-0218","2013-12-26",""
"","2004-05-0073","2013-10-26",""
"","2004-05-0073","2013-11-26",""
"","2004-05-0073","2013-12-26",""
"","2012-06-1304","2013-11-26",""
"","2004-07-0180","2013-12-24",""
"","2013-02-1395","2013-09-27",""
"","2013-02-1395","2013-10-27",""
"","2013-02-1395","2013-11-27",""
"","2013-02-1395","2013-12-27",""
"","2004-05-0043","2013-10-26",""
"","2004-05-0043","2013-11-26",""
"","2004-05-0043","2013-12-26",""
"","2005-08-0344","2013-12-28",""
"","2010-05-1020","2013-10-25",""
"","2010-05-1020","2013-11-25",""
"","2010-05-1020","2013-12-25",""
"","2011-06-1216","2013-11-25",""
"","2011-06-1216","2013-12-25",""
"","2011-09-1227","2013-12-26",""
"","2008-11-0875","2013-12-28",""
"","2004-08-0207","2013-10-26",""
"","2004-08-0207","2013-11-26",""
"","2004-08-0207","2013-12-26",""
"","2013-08-1489","2012-11-25",""
"","2013-08-1489","2012-12-25",""
"","2005-08-0336","2013-12-26",""
"","2005-06-0313","2013-10-28",""
"","2005-06-0313","2013-11-28",""
"","2005-06-0313","2013-12-28",""
"","2011-01-1139","2013-11-25",""
"","2011-01-1139","2013-12-25",""
"","2013-06-1453","2013-11-26",""
"","2013-06-1453","2013-12-26",""
"","2004-11-0245","2013-12-25",""
"","2005-10-0425","2013-11-25",""
"","2005-10-0425","2013-12-25",""
"","2012-10-1343","2013-10-26",""
"","2012-10-1343","2013-11-26",""
"","2012-10-1343","2013-12-26",""
"","2011-04-1187","2013-12-25",""
"","2004-06-0161","2013-12-26",""
"","2011-09-1235","2013-12-25",""
"","2012-01-1244","2013-12-28",""
"","2011-06-1206","2013-11-27",""
"","2011-06-1206","2013-12-27",""
"","2006-02-0462","2013-10-28",""
"","2006-02-0462","2013-11-28",""
"","2006-02-0462","2013-12-28",""
"","2005-10-0377","2013-12-25",""
"","2006-05-0505","2013-06-25",""
"","2006-05-0505","2013-07-25",""
"","2006-05-0505","2013-08-25",""
"","2006-05-0505","2013-09-25",""
"","2006-05-0505","2013-10-25",""
"","2006-05-0505","2013-11-25",""
"","2006-05-0505","2013-12-25",""
"","2006-10-0653","2013-10-25",""
"","2006-10-0653","2013-11-25",""
"","2006-10-0653","2013-12-25",""
"","2012-08-1320","2013-11-25",""
"","2012-08-1320","2013-12-25",""
"","2010-04-0990","2013-11-25",""
"","2010-04-0990","2013-12-25",""
"","2005-10-0392","2013-09-25",""
"","2005-10-0392","2013-10-25",""
"","2005-10-0392","2013-11-25",""
"","2005-10-0392","2013-12-25",""
"","2010-08-1068","2013-10-27",""
"","2010-08-1068","2013-11-27",""
"","2007-07-0749","2013-11-25",""
"","2007-07-0749","2013-12-25",""
"","2007-06-0720","2013-12-25",""
"","2012-12-1364","2013-11-27",""
"","2012-12-1364","2013-12-27",""
"","2008-04-0819","2013-11-25",""
"","2008-04-0819","2013-12-25",""
"","2011-12-1242","2013-12-26",""
"","2011-05-1202","2013-10-28",""
"","2011-05-1202","2013-11-28",""
"","2011-05-1202","2013-12-28",""
"","2012-10-1335","2013-10-28",""
"","2012-10-1335","2013-11-28",""
"","2012-10-1335","2013-12-28",""
"","2012-10-1342","2013-11-28",""
"","2012-10-1342","2013-12-28",""
"","2008-07-0847","2013-12-28",""
"","2006-05-0553","2013-12-27",""
"","2010-11-1117","2013-12-27",""
"","2009-06-0929","2013-12-28",""
"","2008-06-0833","2013-12-27",""
"","2010-08-1079","2013-11-25",""
"","2010-08-1079","2013-12-25",""
"","2011-03-1167","2013-11-24",""
"","2011-03-1167","2013-12-24",""
"","2010-05-1028","2013-10-27",""
"","2010-05-1028","2013-11-27",""
"","2010-05-1028","2013-12-27",""
"","2010-11-1121","2013-12-26",""
"","2012-10-1341","2013-10-25",""
"","2013-08-1496","2013-11-27",""
"","2013-08-1496","2013-12-27",""
"","2013-01-1375","2013-11-27",""
"","2013-01-1375","2013-12-27",""
"","2006-07-0621","2013-10-27",""
"","2006-07-0621","2013-11-27",""
"","2006-07-0621","2013-12-27",""
"","2005-10-0410","2013-11-25",""
"","2005-10-0410","2013-12-25",""
"","2004-05-0088","2013-11-27",""
"","2004-05-0088","2013-12-27",""
"","2013-10-1518","2013-12-28",""
"","2006-05-0561","2013-12-27",""
"","2004-06-0149","2013-12-27",""
"","2013-10-1513","2013-12-27",""
"","2005-10-0379","2013-12-25",""
"","2006-18-0637","2013-11-25",""
"","2006-18-0637","2013-12-25",""
"","2006-05-0536","2013-11-27",""
"","2006-05-0536","2013-12-27",""
"","2007-11-0773","2013-12-28",""
"","2007-04-0690","2013-12-28",""
"","2013-02-1391","2013-10-27",""
"","2013-02-1391","2013-11-27",""
"","2013-02-1391","2013-12-27",""
"","2013-04-1425","2013-06-27",""
"","2013-04-1425","2013-07-27",""
"","2013-04-1425","2013-08-27",""
"","2013-04-1425","2013-09-27",""
"","2013-04-1425","2013-10-27",""
"","2013-04-1425","2013-11-27",""
"","2013-04-1425","2013-12-27",""
"","2012-10-1347","2013-12-27",""
"","2006-04-0495","2013-10-25",""
"","2006-04-0495","2013-11-25",""
"","2006-04-0495","2013-12-25",""
"","2006-04-0407","2013-12-26",""
"","2006-07-0630","2013-11-25",""
"","2006-07-0630","2013-12-25",""
"","2007-08-0758","2013-12-25",""
"","2006-03-0477","2013-11-25",""
"","2006-03-0477","2013-12-25",""
"","2005-10-0387","2013-12-25",""
"","2005-10-0386","2013-12-25",""
"","2013-07-1473","2013-12-25",""
"","2009-11-0958","2013-12-25",""
"","2005-03-0283","2013-10-26",""
"","2005-03-0283","2013-11-26",""
"","2005-03-0283","2013-12-26",""
"","2006-05-0512","2013-12-26",""
"","2006-06-0587","2013-12-25",""
"","2009-09-0944","2013-12-24",""
"","2004-05-0096","2013-09-24",""
"","2004-05-0096","2013-10-24",""
"","2004-05-0096","2013-11-24",""
"","2006-03-0483","2013-09-25",""
"","2006-03-0483","2013-10-25",""
"","2006-03-0483","2013-11-25",""
"","2006-03-0483","2013-12-25",""
"","2005-06-0324","2013-12-28",""
"","2006-02-0468","2013-03-25",""
"","2006-02-0468","2013-04-25",""
"","2006-02-0468","2013-05-25",""
"","2006-02-0468","2013-06-25",""
"","2006-02-0468","2013-07-25",""
"","2006-02-0468","2013-08-25",""
"","2006-02-0468","2013-09-25",""
"","2006-02-0468","2013-10-25",""
"","2006-02-0468","2013-11-25",""
"","2006-02-0468","2013-12-25",""
"","2005-03-0284","2013-10-28",""
"","2005-03-0284","2013-11-28",""
"","2005-03-0284","2013-12-28",""
"","2005-10-0382","2013-12-25",""
"","2011-02-1151","2013-12-28",""
"","2005-10-0383","2013-09-25",""
"","2005-10-0383","2013-10-25",""
"","2005-10-0383","2013-11-25",""
"","2005-10-0383","2013-12-25",""
"","2005-10-0380","2013-11-25",""
"","2005-10-0380","2013-12-25",""
"","2006-12-0666","2013-12-24",""
"","2011-03-1172","2013-11-24",""
"","2011-03-1172","2013-12-24",""
"","2004-05-0061","2013-12-26",""
"","2005-03-0271","2013-12-25",""
"","2004-06-0155","2013-12-28",""
"","2009-08-0935","2013-11-26",""
"","2009-08-0935","2013-12-26",""
"","2008-11-0876","2013-11-26",""
"","2008-11-0876","2013-12-26",""
"","2011-01-1138","2013-11-28",""
"","2011-01-1138","2013-12-28",""
"","2004-06-0140","2013-11-28",""
"","2004-06-0140","2013-12-28",""
"","2010-04-0988","2013-11-28",""
"","2010-04-0988","2013-12-28",""
"","2006-06-0588","2013-11-25",""
"","2006-06-0588","2013-12-25",""
"","2010-01-0970","2013-11-28",""
"","2010-01-0970","2013-12-28",""
"","2006-03-0486","2013-08-25",""
"","2006-03-0486","2013-09-25",""
"","2006-03-0486","2013-10-25",""
"","2006-03-0486","2013-11-25",""
"","2006-03-0486","2013-12-25",""
"","2007-12-0785","2013-11-25",""
"","2007-12-0785","2013-12-25",""
"","2005-01-0260","2013-11-25",""
"","2005-01-0260","2013-12-25",""
"","2011-05-1191","2013-12-25",""
"","2013-01-1373","2013-10-27",""
"","2013-01-1373","2013-11-27",""
"","2013-01-1373","2013-12-27",""
"","2011-04-1186","2013-12-25",""
"","2004-05-0098","2013-11-25",""
"","2004-05-0098","2013-12-25",""
"","2012-04-1274","2013-11-25",""
"","2012-04-1274","2013-12-25",""
"","2012-10-1337","2013-10-25",""
"","2012-10-1337","2013-11-25",""
"","2012-10-1337","2013-12-25",""
"","2004-07-0221","2013-09-26",""
"","2004-07-0221","2013-10-26",""
"","2004-07-0221","2013-11-26",""
"","2004-07-0221","2013-12-26",""
"","2012-10-1345","2013-12-25",""
"","2010-07-1055","2013-12-25",""
"","2008-08-0763","2010-04-25",""
"","2008-08-0763","2010-05-25",""
"","2008-08-0763","2010-06-25",""
"","2008-08-0763","2010-07-25",""
"","2008-08-0763","2010-08-25",""
"","2008-08-0763","2010-09-25",""
"","2008-08-0763","2010-10-25",""
"","2004-08-0202","2013-12-26",""
"","2005-11-0447","2013-12-26",""
"","2008-11-0882","2013-10-24",""
"","2008-11-0882","2013-11-24",""
"","2008-11-0882","2013-12-24",""
"","2004-06-0131","2013-08-28",""
"","2004-06-0131","2013-09-28",""
"","2004-06-0131","2013-10-28",""
"","2004-06-0131","2013-11-28",""
"","2004-06-0131","2013-12-28",""
"","2010-01-0974","2013-11-28",""
"","2010-01-0974","2013-12-28",""
"","2010-06-1045","2013-11-25",""
"","2010-06-1045","2013-12-25",""
"","2004-06-0114","2013-12-25",""
"","2004-06-0115","2013-11-25",""
"","2004-06-0115","2013-12-25",""
"","2010-03-0985","2013-12-25",""
"","2008-02-0799","2013-11-25",""
"","2008-02-0799","2013-12-25",""
"","2005-04-0296","2013-12-25",""
"","2011-07-1222","2013-10-25",""
"","2011-07-1222","2013-11-25",""
"","2011-07-1222","2013-12-25",""
"","2011-04-1174","2013-12-26",""
"","2007-02-0679","2013-12-27",""
"","2004-05-0060","2013-12-28",""
"","2008-01-0796","2013-12-26",""
"","2007-04-0700","2013-10-26",""
"","2007-04-0700","2013-11-26",""
"","2007-04-0700","2013-12-26",""
"","2007-03-0682","2013-11-25",""
"","2007-03-0682","2013-12-25",""
"","2005-01-0257","2013-12-26",""
"","2005-10-0418","2013-11-25",""
"","2005-10-0418","2013-12-25",""
"","2011-01-1128","2013-12-26",""
"","2005-10-0426","2013-12-25",""
"","2010-02-0979","2013-11-27",""
"","2010-02-0979","2013-12-27",""
"","2013-06-1466","2013-11-28",""
"","2013-06-1466","2013-12-28",""
"","2013-06-1464","2013-10-26",""
"","2013-06-1464","2013-11-26",""
"","2013-06-1464","2013-12-26",""
"","2004-05-0066","2013-12-24",""
"","2012-02-1265","2013-11-24",""
"","2012-02-1265","2013-12-24",""
"","2012-05-1289","2013-12-24",""
"","2005-10-0402","2013-11-25",""
"","2005-10-0402","2013-12-25",""
"","2013-04-1416","2013-12-28",""
"","2011-07-1225","2013-12-25",""
"","2008-01-0797","2013-11-27",""
"","2008-01-0797","2013-12-27",""
"","2013-03-1405","2013-09-27",""
"","2013-03-1405","2013-10-27",""
"","2013-03-1405","2013-11-27",""
"","2013-03-1405","2013-12-27",""
"","2010-03-0986","2013-11-27",""
"","2010-03-0986","2013-12-27",""
"","2010-12-1127","2013-08-27",""
"","2010-12-1127","2013-09-27",""
"","2010-12-1127","2013-10-27",""
"","2010-12-1127","2013-11-27",""
"","2010-12-1127","2013-12-27",""
"","2008-09-0856","2013-10-25",""
"","2008-09-0856","2013-11-25",""
"","2008-09-0856","2013-12-25",""
"","2005-10-0398","2013-12-25",""
"","2010-08-1087","2013-11-27",""
"","2010-08-1087","2013-12-27",""
"","2004-07-0179","2013-10-26",""
"","2004-07-0179","2013-11-26",""
"","2004-07-0179","2013-12-26",""
"","2012-04-1271","2013-12-25",""
"","2012-05-1278","2013-10-28",""
"","2012-05-1278","2013-11-28",""
"","2012-05-1278","2013-12-28",""
"","2009-10-0892","2013-10-28",""
"","2009-10-0892","2013-11-28",""
"","2009-10-0892","2013-12-28",""
"","2010-06-1043","2013-08-28",""
"","2010-06-1043","2013-09-28",""
"","2010-06-1043","2013-10-28",""
"","2010-06-1043","2013-11-28",""
"","2010-06-1043","2013-12-28",""
"","2011-05-1204","2013-09-27",""
"","2011-05-1204","2013-10-27",""
"","2011-05-1204","2013-11-27",""
"","2011-05-1204","2013-12-27",""
"","2006-05-0549","2013-10-28",""
"","2006-05-0549","2013-11-28",""
"","2006-05-0549","2013-12-28",""
"","2006-05-0525","2013-12-27",""
"","2008-11-0871","2013-08-27",""
"","2008-11-0871","2013-09-27",""
"","2008-11-0871","2013-10-27",""
"","2008-11-0871","2013-11-27",""
"","2008-11-0871","2013-12-27",""
"","2004-06-0165","2013-12-28",""
"","2012-10-1344","2013-11-27",""
"","2012-10-1344","2013-12-27",""
"","2008-10-0864","2013-09-27",""
"","2008-10-0864","2013-10-27",""
"","2008-10-0864","2013-11-27",""
"","2008-10-0864","2013-12-27",""
"","2012-06-1301","2013-10-27",""
"","2012-06-1301","2013-11-27",""
"","2012-06-1301","2013-12-27",""
"","2004-09-0220","2013-11-25",""
"","2004-09-0220","2013-12-25",""
"","2010-02-0978","2013-11-27",""
"","2010-02-0978","2013-12-27",""
"","2012-02-1254","2013-12-28",""
"","2006-06-0592","2013-07-25",""
"","2006-06-0592","2013-08-25",""
"","2006-06-0592","2013-09-25",""
"","2006-06-0592","2013-10-25",""
"","2006-06-0592","2013-11-25",""
"","2006-06-0592","2013-12-25",""
"","2012-05-1277","2013-11-28",""
"","2012-05-1277","2013-12-28",""
"","2004-05-0037","2013-10-27",""
"","2004-05-0037","2013-11-27",""
"","2004-05-0037","2013-12-27",""
"","2005-10-0356","2013-12-24",""
"","2005-10-0365","2013-12-24",""
"","2011-09-1233","2013-11-24",""
"","2011-09-1233","2013-12-24",""
"","2011-02-1158","2013-11-24",""
"","2011-02-1158","2013-12-24",""
"","2010-11-1124","2013-10-24",""
"","2010-11-1124","2013-11-24",""
"","2010-11-1124","2013-12-24",""
"","2005-10-0358","2013-12-24",""
"","2007-01-0668","2013-11-24",""
"","2007-01-0668","2013-12-24",""
"","2008-05-0825","2013-11-24",""
"","2008-05-0825","2013-12-24",""
"","2007-01-0670","2013-11-24",""
"","2007-01-0670","2013-12-24",""
"","2011-04-1181","2013-10-27",""
"","2011-04-1181","2013-11-27",""
"","2011-04-1181","2013-12-27",""
"","2013-03-1410","2013-10-27",""
"","2013-03-1410","2013-11-27",""
"","2013-03-1410","2013-12-27",""
"","2006-05-0568","2013-11-27",""
"","2006-05-0568","2013-12-27",""
"","2004-05-0049","2013-12-28",""
"","2008-02-0804","2013-11-24",""
"","2008-02-0804","2013-12-24",""
"","2011-04-1182","2013-11-27",""
"","2011-04-1182","2013-12-27",""
"","2013-01-1384","2013-11-28",""
"","2013-01-1384","2013-12-28",""
"","2010-11-1115","2013-11-25",""
"","2010-11-1115","2013-12-25",""
"","2004-06-0136","2013-12-28",""
"","2006-02-0465","2013-12-25",""
"","2004-08-0204","2013-11-26",""
"","2004-08-0204","2013-12-26",""
"","2013-05-1435","2013-08-28",""
"","2013-05-1435","2013-09-28",""
"","2013-05-1435","2013-10-28",""
"","2013-05-1435","2013-11-28",""
"","2013-05-1435","2013-12-28",""
"","2013-04-1420","2013-12-28",""
"","2004-07-0182","2013-09-28",""
"","2004-07-0182","2013-10-28",""
"","2004-07-0182","2013-11-28",""
"","2004-07-0182","2013-12-28",""
"","2006-05-0572","2013-12-27",""
"","2005-06-0322","2013-12-26",""
"","2008-04-0807","2013-12-27",""
"","2006-06-0598","2013-11-27",""
"","2006-06-0598","2013-12-27",""
"","2006-05-0510","2013-10-25",""
"","2006-05-0510","2013-11-25",""
"","2006-05-0510","2013-12-25",""
"","2008-01-0795","2013-10-25",""
"","2008-01-0795","2013-11-25",""
"","2008-01-0795","2013-12-25",""
"","2006-07-0614","2013-12-27",""
"","2006-02-0463","2013-12-25",""
"","2010-09-1089","2013-11-24",""
"","2010-09-1089","2013-12-24",""
"","2005-10-0405","2013-11-25",""
"","2005-10-0405","2013-12-25",""
"","2006-11-0663","2013-11-28",""
"","2006-11-0663","2013-12-28",""
"","2008-10-0863","2013-08-28",""
"","2008-10-0863","2013-09-28",""
"","2008-10-0863","2013-10-28",""
"","2008-10-0863","2013-11-28",""
"","2008-10-0863","2013-12-28",""
"","2013-05-1433","2013-11-28",""
"","2013-05-1433","2013-12-28",""
"","2013-11-1525","2013-11-26",""
"","2013-11-1525","2013-12-26",""
"","2012-08-1319","2013-10-26",""
"","2012-08-1319","2013-11-26",""
"","2012-08-1319","2013-12-26",""
"","2004-06-0154","2013-10-26",""
"","2004-06-0154","2013-11-26",""
"","2004-06-0154","2013-12-26",""
"","2008-06-0829","2013-12-26",""
"","2012-02-1256","2013-11-26",""
"","2012-02-1256","2013-12-26",""
"","2005-12-0452","2013-10-27",""
"","2005-12-0452","2013-11-27",""
"","2005-12-0452","2013-12-27",""
"","2006-02-0467","2013-10-27",""
"","2006-02-0467","2013-11-27",""
"","2006-02-0467","2013-12-27",""
"","2007-05-0705","2013-11-27",""
"","2007-05-0705","2013-12-27",""
"","2004-06-0138","2013-12-27",""
"","2004-05-0028","2013-11-27",""
"","2004-05-0028","2013-12-27",""
"","2005-08-0337","2013-12-26",""
"","2004-05-0097","2013-11-26",""
"","2004-05-0097","2013-12-26",""
"","2004-06-0137","2013-11-28",""
"","2004-06-0137","2013-12-28",""
"","2007-08-0751","2013-12-28",""
"","2010-03-0983","2013-10-27",""
"","2010-03-0983","2013-11-27",""
"","2010-03-0983","2013-12-27",""
"","2012-05-1283","2013-12-27",""
"","2004-11-0243","2013-11-27",""
"","2004-11-0243","2013-12-27",""
"","2009-10-0946","2013-11-24",""
"","2009-10-0946","2013-12-24",""
"","2004-05-0063","2013-10-26",""
"","2004-05-0063","2013-11-26",""
"","2004-05-0063","2013-12-26",""
"","2005-06-0309","2013-12-24",""
"","2010-08-1074","2013-10-25",""
"","2010-08-1074","2013-11-25",""
"","2010-08-1074","2013-12-25",""
"","2006-03-0475","2013-11-27",""
"","2006-03-0475","2013-12-27",""
"","2005-10-0431","2013-10-28",""
"","2005-10-0431","2013-11-28",""
"","2005-10-0431","2013-12-28",""
"","2013-06-1463","2013-11-28",""
"","2013-06-1463","2013-12-28",""
"","2013-02-1394","2013-12-27",""
"","2005-03-0274","2013-12-25",""
"","2013-02-1396","2013-10-27",""
"","2013-02-1396","2013-12-27",""
"","2012-01-1245","2013-12-27",""
"","2004-06-0174","2013-12-24",""
"","2007-11-0779","2013-12-25",""
"","2010-07-1062","2013-10-28",""
"","2010-07-1062","2013-11-28",""
"","2010-07-1062","2013-12-28",""
"","2013-04-1419","2013-10-28",""
"","2013-04-1419","2013-11-28",""
"","2013-04-1419","2013-12-28",""
"","2006-11-0661","2013-11-27",""
"","2006-11-0661","2013-12-27",""
"","2011-02-1163","2013-12-28",""
"","2010-08-1085","2013-12-28",""
"","2004-05-0020","2013-12-28",""
"","2005-03-0269","2013-12-28",""
"","2006-09-0644","2013-12-27",""
"","2004-06-0162","2013-08-26",""
"","2004-06-0162","2013-09-26",""
"","2004-06-0162","2013-10-26",""
"","2004-06-0162","2013-11-26",""
"","2004-06-0162","2013-12-26",""
"","2004-05-0036","2013-12-28",""
"","2006-05-0577","2013-11-27",""
"","2006-05-0577","2013-12-27",""
"","2006-06-0601","2013-12-27",""
"","2010-08-1077","2013-11-27",""
"","2010-08-1077","2013-12-27",""
"","2004-07-0193","2013-12-24",""
"","2008-04-0814","2013-12-25",""
"","2005-04-0292","2013-11-25",""
"","2005-04-0292","2013-12-25",""
"","2005-03-0278","2013-12-25",""
"","2007-05-0709","2013-10-25",""
"","2007-05-0709","2013-11-25",""
"","2007-05-0709","2013-12-25",""
"","2006-08-0641","2013-11-24",""
"","2006-08-0641","2013-12-24",""
"","2010-08-1090","2013-12-28",""
"","2005-07-0331","2013-12-24",""
"","2009-01-0894","2013-11-24",""
"","2009-01-0894","2013-12-24",""
"","2004-05-0047","2013-11-28",""
"","2004-05-0047","2013-12-28",""
"","2012-11-1362","2013-08-27",""
"","2004-08-0797","2013-09-28",""
"","2004-08-0797","2013-10-28",""
"","2004-08-0797","2013-11-28",""
"","2004-08-0797","2013-12-28",""
"","2005-02-0266","2013-12-24",""
"","2006-03-0485","2013-12-28",""
"","2006-07-0615","2013-12-27",""
"","2007-08-0748","2013-11-27",""
"","2007-08-0748","2013-12-27",""
"","2011-06-1218","2013-12-27",""
"","2007-06-0719","2013-12-27",""
"","2010-10-1102","2013-12-26",""
"","2007-04-0692","2013-11-26",""
"","2007-04-0692","2013-12-26",""
"","2008-05-0821","2013-11-24",""
"","2008-05-0821","2013-12-24",""
"","2004-05-0054","2013-12-28",""
"","2005-10-0430","2013-07-28",""
"","2005-10-0430","2013-10-28",""
"","2005-10-0430","2013-11-28",""
"","2005-10-0430","2013-12-28",""
"","2004-08-0211","2013-10-28",""
"","2004-08-0211","2013-11-28",""
"","2004-08-0211","2013-12-28",""
"","2011-01-1143","2013-11-26",""
"","2011-01-1143","2013-12-26",""
"","2006-03-0474","2013-11-26",""
"","2006-03-0474","2013-12-26",""
"","2005-11-0435","2013-12-26",""
"","2004-05-0095","2013-12-26",""
"","2004-06-0144","2013-12-26",""
"","2007-06-0728","2013-11-25",""
"","2007-06-0728","2013-12-25",""
"","2010-08-1073","2013-12-25",""
"","2010-09-1094","2013-11-25",""
"","2010-09-1094","2013-12-25",""
"","2010-10-1104","2013-10-26",""
"","2010-10-1104","2013-11-26",""
"","2010-10-1104","2013-12-26",""
"","2010-11-1114","2013-12-25",""
"","2011-01-1146","2013-12-27",""
"","2007-07-731","2013-11-26",""
"","2004-06-0147","2013-01-25",""
"","2004-06-0147","2013-02-25",""
"","2004-06-0147","2013-03-25",""
"","2004-06-0147","2013-04-25",""
"","2004-06-0147","2013-05-25",""
"","2004-06-0147","2013-06-25",""
"","2004-06-0147","2013-07-25",""
"","2004-06-0147","2013-08-25",""
"","2004-06-0147","2013-09-25",""
"","2008-09-0857","2013-07-28",""
"","2008-09-0857","2013-08-28",""
"","2008-09-0857","2013-09-28",""
"","2008-09-0857","2013-10-28",""
"","2008-09-0857","2013-11-28",""
"","2008-09-0857","2013-12-28",""
"","2004-08-0194","2013-12-24",""
"","2012-05-1286","2013-09-28",""
"","2012-05-1286","2013-10-28",""
"","2012-05-1286","2013-11-28",""
"","2012-05-1286","2013-12-28",""
"","2011-02-1166","2013-11-25",""
"","2011-02-1166","2013-12-25",""
"","2005-06-0312","2013-12-24",""
"","2013-05-1430","2013-10-28",""
"","2013-05-1430","2013-11-28",""
"","2013-05-1430","2013-12-28",""
"","2004-05-0033","2013-10-25",""
"","2004-05-0033","2013-11-25",""
"","2012-09-1329","2013-12-25",""
"","2006-09-0643","2013-09-27",""
"","2006-09-0643","2013-10-27",""
"","2006-09-0643","2013-11-27",""
"","2006-09-0643","2013-12-27",""
"","2012-12-1369","2013-11-25",""
"","2012-12-1369","2013-12-25",""
"","2004-05-0058","2013-11-27",""
"","2004-05-0058","2013-12-27",""
"","2007-08-0756","2013-11-28",""
"","2007-08-0756","2013-12-28",""
"","2005-10-0394","2013-11-25",""
"","2005-10-0394","2013-12-25",""
"","2008-11-0880","2013-11-25",""
"","2008-11-0880","2013-12-25",""
"","2005-10-0374","2013-10-25",""
"","2005-10-0374","2013-11-25",""
"","2005-10-0374","2013-12-25",""
"","2013-01-1379","2013-10-27",""
"","2013-01-1379","2013-11-27",""
"","2013-01-1379","2013-12-27",""
"","2010-11-1126","2013-11-27",""
"","2010-11-1126","2013-12-27",""
"","2012-05-1275","2013-12-28",""
"","2005-12-0451","2013-12-25",""
"","2004-09-0216","2013-12-28",""
"","2010-09-1097","2013-12-25",""
"","2005-09-0350","2013-11-28",""
"","2005-09-0350","2013-12-28",""
"","2004-12-0252","2013-12-28",""
"","2003-05-1428","2013-11-26",""
"","2003-05-1428","2013-12-26",""
"","2004-09-0217","2013-11-24",""
"","2004-09-0217","2013-12-24",""
"","2004-06-0135","2013-10-25",""
"","2004-06-0135","2013-11-25",""
"","2004-06-0135","2013-12-25",""
"","2005-03-0281","2013-12-26",""
"","2004-05-0016","2013-12-26",""
"","2005-01-0279","2013-05-26",""
"","2005-01-0279","2013-11-26",""
"","2005-01-0279","2013-12-26",""
"","2010-09-1093","2013-10-26",""
"","2010-09-1093","2013-11-26",""
"","2010-09-1093","2013-12-26",""
"","2004-06-0148","2013-11-28",""
"","2004-06-0148","2013-12-28",""
"","2010-05-1012","2013-03-25",""
"","2010-05-1012","2013-11-25",""
"","2010-05-1012","2013-12-25",""
"","2010-09-1096","2013-11-25",""
"","2010-09-1096","2013-12-25",""
"","2010-05-1018","2013-11-25",""
"","2010-05-1018","2013-12-25",""
"","2005-04-0285","2013-10-28",""
"","2010-06-1049","2013-09-25",""
"","2010-06-1049","2013-10-25",""
"","2010-06-1049","2013-11-25",""
"","2010-06-1049","2013-12-25",""
"","2012-05-1291","2013-11-25",""
"","2012-05-1291","2013-12-25",""
"","2013-04-1422","2013-11-25",""
"","2013-04-1422","2013-12-25",""
"","2013-01-1378","2013-11-28",""
"","2013-01-1378","2013-12-28",""
"","2011-01-1145","2013-10-27",""
"","2011-01-1145","2013-11-27",""
"","2011-01-1145","2013-12-27",""
"","2007-07-0732","2013-11-25",""
"","2007-07-0732","2013-12-25",""
"","2008-11-0883","2013-09-28",""
"","2008-11-0883","2013-10-28",""
"","2008-11-0883","2013-11-28",""
"","2008-11-0883","2013-12-28",""
"","2007-11-0775","2013-12-27",""
"","2005-08-0339","2013-12-24",""
"","2007-07-0735","2013-11-25",""
"","2007-07-0735","2013-12-25",""
"","2008-05-0826","2013-05-28",""
"","2008-05-0826","2013-06-28",""
"","2008-05-0826","2013-07-28",""
"","2008-05-0826","2013-08-28",""
"","2008-05-0826","2013-09-28",""
"","2008-05-0826","2013-10-28",""
"","2008-05-0826","2013-11-28",""
"","2008-05-0826","2013-12-28",""
"","2013-09-1502","2013-11-28",""
"","2013-09-1502","2013-12-28",""
"","2007-08-0752","2013-10-26",""
"","2007-08-0752","2013-11-26",""
"","2007-08-0752","2013-12-26",""
"","2011-06-1211","2013-12-26",""
"","2004-05-0065","2013-11-26",""
"","2004-05-0065","2013-12-26",""
"","2004-05-0089","2013-10-24",""
"","2004-05-0089","2013-11-24",""
"","2004-05-0089","2013-12-24",""
"","2006-05-0501","2013-11-24",""
"","2006-05-0501","2013-12-24",""
"","2006-01-0460","2013-12-24",""
"","2010-05-1035","2013-12-27",""
"","2013-08-1406","2013-12-24",""
"","2010-04-1000","2013-12-27",""
"","2004-12-0254","2013-10-26",""
"","2004-12-0254","2013-11-26",""
"","2004-12-0254","2013-12-26",""
"","2008-09-0861","2009-01-28",""
"","2008-09-0861","2009-02-28",""
"","2008-09-0861","2009-03-28",""
"","2004-09-0227","2013-11-24",""
"","2004-09-0227","2013-12-24",""
"","2006-07-0634","2013-06-25",""
"","2006-07-0634","2013-07-25",""
"","2006-07-0634","2013-08-25",""
"","2006-07-0634","2013-09-25",""
"","2006-07-0634","2013-10-25",""
"","2006-07-0634","2013-11-25",""
"","2006-07-0634","2013-12-25",""
"","2004-05-0017","2013-08-26",""
"","2004-05-0017","2013-10-26",""
"","2004-05-0017","2013-11-26",""
"","2004-05-0017","2013-12-26",""
"","2010-05-1015","2013-12-25",""
"","2005-10-0408","2013-10-25",""
"","2005-10-0408","2013-11-25",""
"","2005-10-0408","2013-12-25",""
"","2011-02-1155","2013-11-25",""
"","2011-02-1155","2013-12-25",""
"","2005-10-0419","2013-08-25",""
"","2005-10-0419","2013-09-25",""
"","2005-10-0419","2013-10-25",""
"","2005-10-0419","2013-11-25",""
"","2005-10-0419","2013-12-25",""
"","2006-06-0596","2013-12-27",""
"","2009-09-0943","2013-10-25",""
"","2009-09-0943","2013-11-25",""
"","2009-09-0943","2013-12-25",""
"","2012-10-1334","2013-11-28",""
"","2012-10-1334","2013-12-28",""
"","2013-06-1456","2013-11-25",""
"","2007-11-0771","2013-11-28",""
"","2007-11-0771","2013-12-28",""
"","2013-01-1372","2013-11-26",""
"","2013-01-1372","2013-12-26",""
"","2013-07-1486","2013-12-24",""
"","2006-05-0521","2013-10-27",""
"","2006-05-0521","2013-11-27",""
"","2006-05-0521","2013-12-27",""
"","2010-07-1054","2013-10-27",""
"","2010-07-1054","2013-11-27",""
"","2010-07-1054","2013-12-27",""
"","2009-11-0955","2013-10-27",""
"","2009-11-0955","2013-11-27",""
"","2009-11-0955","2013-12-27",""
"","2007-07-0737","2013-12-25",""
"","2004-05-0055","2013-11-28",""
"","2004-05-0055","2013-12-28",""
"","2004-06-0157","2013-10-26",""
"","2004-06-0157","2013-11-26",""
"","2004-06-0157","2013-12-26",""
"","2013-07-1476","2013-12-26",""
"","2012-01-1248","2013-12-28",""
"","2006-09-0655","2013-09-26",""
"","2006-09-0655","2013-10-26",""
"","2006-09-0655","2013-11-26",""
"","2006-09-0655","2013-12-26",""
"","2008-07-0838","2013-12-28",""
"","2009-06-0928","2011-08-26",""
"","2009-06-0928","2013-11-26",""
"","2009-06-0928","2013-12-26",""
"","2013-11-1523","2013-11-28",""
"","2013-11-1523","2013-12-28",""
"","2006-03-0481","2013-12-24",""
"","2012-11-1352","2013-12-28",""
"","2010-07-1056","2013-11-28",""
"","2010-07-1056","2013-12-28",""
"","2005-06-0318","2013-12-28",""
"","2006-02-0461","2013-12-28",""
"","2010-04-1002","2013-10-28",""
"","2010-04-1002","2013-11-28",""
"","2010-04-1002","2013-12-28",""
"","2008-01-0791","2013-10-27",""
"","2008-01-0791","2013-11-27",""
"","2008-01-0791","2013-12-27",""
"","2006-05-0560","2013-10-27",""
"","2006-05-0560","2013-11-27",""
"","2006-05-0560","2013-12-27",""
"","2004-11-0244","2013-12-26",""
"","2004-06-0119","2013-10-26",""
"","2004-06-0119","2013-11-26",""
"","2004-06-0119","2013-12-26",""
"","2012-06-1302","2013-11-25",""
"","2012-06-1302","2013-12-25",""
"","2009-02-0897","2013-11-25",""
"","2009-02-0897","2013-12-25",""
"","2010-05-1008","2013-12-25",""
"","2013-11-1529","2013-12-24",""
"","2013-08-1500","2013-12-25",""
"","2006-03-0478","2013-12-25",""
"","2006-07-0626","2013-12-25",""
"","2006-05-0542","2013-11-26",""
"","2012-02-1263","2013-12-28",""
"","2012-01-1243","2013-12-28",""
"","2005-10-0429","2013-12-24",""
"","2007-05-0704","2013-10-27",""
"","2007-05-0704","2013-11-27",""
"","2007-05-0704","2013-12-27",""
"","2010-07-1052","2013-11-24",""
"","2010-07-1052","2013-12-24",""
"","2010-06-1036","2013-12-26",""
"","2008-08-0848","2013-10-28",""
"","2008-08-0848","2013-11-28",""
"","2008-08-0848","2013-12-28",""
"","2010-01-0975","2013-12-28",""
"","2005-04-0290","2013-12-28",""
"","2005-04-0291","2013-12-28",""
"","2006-04-0493","2013-12-27",""
"","2010-01-0972","2013-12-25",""
"","2008-11-0879","2013-05-27",""
"","2008-11-0879","2013-06-27",""
"","2008-11-0879","2013-07-27",""
"","2008-11-0879","2013-08-27",""
"","2008-11-0879","2013-11-27",""
"","2008-11-0879","2013-12-27",""
"","2012-12-1368","2013-12-26",""
"","2008-04-0818","2013-10-27",""
"","2008-04-0818","2013-11-27",""
"","2008-04-0818","2013-12-27",""
"","2011-07-1221","2013-12-28",""
"","2009-11-0957","2013-11-27",""
"","2009-11-0957","2013-12-27",""
"","2012-08-1316","2013-12-28",""
"","2004-06-0171","2013-11-24",""
"","2004-06-0171","2013-12-24",""
"","2013-08-1494","2013-09-27",""
"","2013-08-1494","2013-10-27",""
"","2013-08-1494","2013-11-27",""
"","2013-08-1494","2013-12-27",""
"","2013-07-1471","2013-10-28",""
"","2013-07-1471","2013-12-28",""
"","2009-04-0913","2013-12-26",""
"","2004-08-0206","2013-11-25",""
"","2004-08-0206","2013-12-25",""
"","2005-10-0375","2013-12-25",""
"","2012-05-1281","2013-09-28",""
"","2009-03-0906","2013-08-24",""
"","2009-03-0906","2013-09-24",""
"","2009-03-0906","2013-10-24",""
"","2009-03-0906","2013-11-24",""
"","2009-03-0906","2013-12-24",""
"","2010-10-1107","2013-11-27",""
"","2010-10-1107","2013-12-27",""
"","2012-05-1296","2013-12-27",""
"","2013-04-1423","2013-11-27",""
"","2013-04-1423","2013-12-27",""
"","2004-06-0117","2013-10-27",""
"","2004-06-0117","2013-11-27",""
"","2004-06-0117","2013-12-27",""
"","2004-08-0208","2013-11-27",""
"","2004-08-0208","2013-12-27",""
"","2013-07-1485","2013-11-28",""
"","2013-07-1485","2013-12-28",""
"","2007-06-0721","2013-11-27",""
"","2007-06-0721","2013-12-27",""
"","2004-10-0238","2013-09-28",""
"","2004-10-0238","2013-10-28",""
"","2004-10-0238","2013-11-28",""
"","2004-10-0238","2013-12-28",""
"","2013-05-1443","2013-11-28",""
"","2013-05-1443","2013-12-28",""
"","2013-04-1424","2013-10-28",""
"","2013-04-1424","2013-11-28",""
"","2013-04-1424","2013-12-28",""
"","2011-01-1144","2013-11-26",""
"","2011-01-1144","2013-12-26",""
"","2011-05-1199","2013-12-25",""
"","2013-04-1415","2013-12-25",""
"","2010-05-1010","2013-11-25",""
"","2010-05-1010","2013-12-25",""
"","2006-05-0584","2013-08-27",""
"","2006-05-0584","2013-09-27",""
"","2006-05-0584","2013-10-27",""
"","2006-05-0584","2013-11-27",""
"","2006-05-0584","2013-12-27",""
"","2006-05-0562","2013-11-27",""
"","2006-05-0562","2013-12-27",""
"","2011-05-1194","2013-08-28",""
"","2011-05-1194","2013-09-28",""
"","2011-05-1194","2013-10-28",""
"","2011-05-1194","2013-11-28",""
"","2011-05-1194","2013-12-28",""
"","2004-10-0235","2013-10-26",""
"","2004-10-0235","2013-11-26",""
"","2004-10-0235","2013-12-26",""
"","2009-06-0927","2013-09-28",""
"","2009-06-0927","2013-10-28",""
"","2009-06-0927","2013-11-28",""
"","2009-06-0927","2013-12-28",""
"","2005-05-0301","2013-10-25",""
"","2005-05-0301","2013-11-25",""
"","2005-05-0301","2013-12-25",""
"","2006-03-0488","2013-10-25",""
"","2006-03-0488","2013-11-25",""
"","2006-03-0488","2013-12-25",""
"","2006-03-0489","2013-10-25",""
"","2006-03-0489","2013-11-25",""
"","2006-03-0489","2013-12-25",""
"","2004-06-0166","2013-10-28",""
"","2004-06-0166","2013-11-28",""
"","2004-06-0166","2013-12-28",""
"","2012-02-1252","2013-11-28",""
"","2012-02-1252","2013-12-28",""
"","2005-05-0303","2013-11-24",""
"","2005-05-0303","2013-12-24",""
"","2013-06-1455","2013-12-25",""
"","2010-07-1064","2013-11-24",""
"","2010-07-1064","2013-12-24",""
"","2013-03-1411","2013-11-27",""
"","2013-03-1411","2013-12-27",""
"","2011-09-1238","2013-10-26",""
"","2011-09-1238","2013-11-26",""
"","2011-09-1238","2013-12-26",""
"","2006-03-0480","2013-12-25",""
"","2006-03-0482","2013-12-25",""
"","2013-05-1439","2013-12-26",""
"","2013-02-1400","2013-11-28",""
"","2013-02-1400","2013-12-28",""
"","2011-05-1193","2013-09-27",""
"","2011-05-1193","2013-10-27",""
"","2011-05-1193","2013-11-27",""
"","2011-05-1193","2013-12-27",""
"","2004-05-0085","2013-11-24",""
"","2004-05-0085","2013-12-24",""
"","2011-02-1154","2013-12-27",""
"","2009-05-0925","2013-10-28",""
"","2009-05-0925","2013-11-28",""
"","2009-05-0925","2013-12-28",""
"","2006-07-0610","2013-08-25",""
"","2006-07-0610","2013-09-25",""
"","2006-07-0610","2013-10-25",""
"","2006-07-0610","2013-11-25",""
"","2006-07-0610","2013-12-25",""
"","2010-05-1034","2013-12-27",""
"","2012-03-1268","2013-12-27",""
"","2004-06-0121","2013-10-27",""
"","2004-06-0121","2013-11-27",""
"","2004-06-0121","2013-12-27",""
"","2008-07-0836","2013-12-27",""
"","2010-11-1112","2013-12-26",""
"","2010-08-1082","2013-11-26",""
"","2010-08-1082","2013-12-26",""
"","2005-06-0317","2013-12-24",""
"","2013-01-1388","2013-12-28",""
"","2006-05-0582","2013-10-26",""
"","2006-05-0582","2013-11-26",""
"","2006-05-0582","2013-12-26",""
"","2013-01-1371","2013-12-27",""
"","2013-11-1526","2013-12-28",""
"","2012-11-1353","2013-12-28",""
"","2009-03-0908","2013-12-26",""
"","2011-04-1189","2013-12-28",""
"","2012-07-1310","2013-11-28",""
"","2012-07-1310","2013-12-28",""
