"1","awws_2013_10_16",""
"2","awws_2013_10_21",""
"3","awws_2013_10_23",""
"4","awws_2013_10_24",""
"5","awws_2013_10_25",""
"6","awws_2013_10_29",""
"7","awws_2013_11_05",""
"8","awws_2013_11_12",""
"9","awws_2013_11_13",""
"10","awws_2013_11_18",""
"11","awws_2013_11_21",""
"12","awws_2013_11_22",""
"13","awws_2013_11_25",""
"14","awws_2013_11_27",""
"15","charges",""
"16","codes",""
"17","collectorsreport_2013_11_26_cashier1",""
"18","collectorsreport_2013_11_26_jws",""
"19","collectorsreport_2013_11_27_cashier1",""
"20","collectorsreport_2013_11_27_cashier2",""
"21","collectorsreport_2013_11_27_jws",""
"22","collectorsreport_2013_11_27_leon",""
"23","dates_sched",""
"24","disconn_dates",""
"25","dl_bill",""
"26","for_disconn",""
"27","installment",""
"28","jws_reports1",""
"29","ldg_2003_05_1428",""
"30","ldg_2004_05_0001",""
"31","ldg_2004_05_0002",""
"32","ldg_2004_05_0003",""
"33","ldg_2004_05_0004",""
"34","ldg_2004_05_0005",""
"35","ldg_2004_05_0006",""
"36","ldg_2004_05_0007",""
"37","ldg_2004_05_0008",""
"38","ldg_2004_05_0009",""
"39","ldg_2004_05_0010",""
"40","ldg_2004_05_0011",""
"41","ldg_2004_05_0012",""
"42","ldg_2004_05_0013",""
"43","ldg_2004_05_0014",""
"44","ldg_2004_05_0015",""
"45","ldg_2004_05_0016",""
"46","ldg_2004_05_0017",""
"47","ldg_2004_05_0018",""
"48","ldg_2004_05_0019",""
"49","ldg_2004_05_0020",""
"50","ldg_2004_05_0021",""
"51","ldg_2004_05_0022",""
"52","ldg_2004_05_0023",""
"53","ldg_2004_05_0024",""
"54","ldg_2004_05_0025",""
"55","ldg_2004_05_0026",""
"56","ldg_2004_05_0027",""
"57","ldg_2004_05_0028",""
"58","ldg_2004_05_0029",""
"59","ldg_2004_05_0030",""
"60","ldg_2004_05_0031",""
"61","ldg_2004_05_0032",""
"62","ldg_2004_05_0033",""
"63","ldg_2004_05_0034",""
"64","ldg_2004_05_0035",""
"65","ldg_2004_05_0036",""
"66","ldg_2004_05_0037",""
"67","ldg_2004_05_0038",""
"68","ldg_2004_05_0039",""
"69","ldg_2004_05_0040",""
"70","ldg_2004_05_0041",""
"71","ldg_2004_05_0042",""
"72","ldg_2004_05_0043",""
"73","ldg_2004_05_0044",""
"74","ldg_2004_05_0045",""
"75","ldg_2004_05_0046",""
"76","ldg_2004_05_0047",""
"77","ldg_2004_05_0048",""
"78","ldg_2004_05_0049",""
"79","ldg_2004_05_0050",""
"80","ldg_2004_05_0051",""
"81","ldg_2004_05_0052",""
"82","ldg_2004_05_0053",""
"83","ldg_2004_05_0054",""
"84","ldg_2004_05_0055",""
"85","ldg_2004_05_0056",""
"86","ldg_2004_05_0057",""
"87","ldg_2004_05_0058",""
"88","ldg_2004_05_0059",""
"89","ldg_2004_05_0060",""
"90","ldg_2004_05_0061",""
"91","ldg_2004_05_0062",""
"92","ldg_2004_05_0063",""
"93","ldg_2004_05_0064",""
"94","ldg_2004_05_0065",""
"95","ldg_2004_05_0066",""
"96","ldg_2004_05_0067",""
"97","ldg_2004_05_0068",""
"98","ldg_2004_05_0069",""
"99","ldg_2004_05_0070",""
"100","ldg_2004_05_0071",""
"101","ldg_2004_05_0072",""
"102","ldg_2004_05_0073",""
"103","ldg_2004_05_0074",""
"104","ldg_2004_05_0075",""
"105","ldg_2004_05_0078",""
"106","ldg_2004_05_0079",""
"107","ldg_2004_05_0080",""
"108","ldg_2004_05_0081",""
"109","ldg_2004_05_0082",""
"110","ldg_2004_05_0083",""
"111","ldg_2004_05_0084",""
"112","ldg_2004_05_0085",""
"113","ldg_2004_05_0086",""
"114","ldg_2004_05_0087",""
"115","ldg_2004_05_0088",""
"116","ldg_2004_05_0089",""
"117","ldg_2004_05_0090",""
"118","ldg_2004_05_0091",""
"119","ldg_2004_05_0092",""
"120","ldg_2004_05_0093",""
"121","ldg_2004_05_0094",""
"122","ldg_2004_05_0095",""
"123","ldg_2004_05_0096",""
"124","ldg_2004_05_0097",""
"125","ldg_2004_05_0098",""
"126","ldg_2004_05_0099",""
"127","ldg_2004_05_0100",""
"128","ldg_2004_05_0101",""
"129","ldg_2004_05_0102",""
"130","ldg_2004_05_0103",""
"131","ldg_2004_05_0104",""
"132","ldg_2004_05_0105",""
"133","ldg_2004_05_0106",""
"134","ldg_2004_05_0107",""
"135","ldg_2004_05_0108",""
"136","ldg_2004_05_0109",""
"137","ldg_2004_05_0110",""
"138","ldg_2004_05_0112",""
"139","ldg_2004_05_0126",""
"140","ldg_2004_06_0111",""
"141","ldg_2004_06_0113",""
"142","ldg_2004_06_0114",""
"143","ldg_2004_06_0115",""
"144","ldg_2004_06_0116",""
"145","ldg_2004_06_0117",""
"146","ldg_2004_06_0118",""
"147","ldg_2004_06_0119",""
"148","ldg_2004_06_0120",""
"149","ldg_2004_06_0121",""
"150","ldg_2004_06_0122",""
"151","ldg_2004_06_0123",""
"152","ldg_2004_06_0124",""
"153","ldg_2004_06_0125",""
"154","ldg_2004_06_0127",""
"155","ldg_2004_06_0128",""
"156","ldg_2004_06_0129",""
"157","ldg_2004_06_0131",""
"158","ldg_2004_06_0132",""
"159","ldg_2004_06_0133",""
"160","ldg_2004_06_0134",""
"161","ldg_2004_06_0135",""
"162","ldg_2004_06_0136",""
"163","ldg_2004_06_0137",""
"164","ldg_2004_06_0138",""
"165","ldg_2004_06_0139",""
"166","ldg_2004_06_0140",""
"167","ldg_2004_06_0141",""
"168","ldg_2004_06_0142",""
"169","ldg_2004_06_0143",""
"170","ldg_2004_06_0144",""
"171","ldg_2004_06_0145",""
"172","ldg_2004_06_0146",""
"173","ldg_2004_06_0147",""
"174","ldg_2004_06_0148",""
"175","ldg_2004_06_0149",""
"176","ldg_2004_06_0150",""
"177","ldg_2004_06_0151",""
"178","ldg_2004_06_0153",""
"179","ldg_2004_06_0154",""
"180","ldg_2004_06_0155",""
"181","ldg_2004_06_0156",""
"182","ldg_2004_06_0157",""
"183","ldg_2004_06_0158",""
"184","ldg_2004_06_0159",""
"185","ldg_2004_06_0160",""
"186","ldg_2004_06_0161",""
"187","ldg_2004_06_0162",""
"188","ldg_2004_06_0164",""
"189","ldg_2004_06_0165",""
"190","ldg_2004_06_0166",""
"191","ldg_2004_06_0167",""
"192","ldg_2004_06_0168",""
"193","ldg_2004_06_0169",""
"194","ldg_2004_06_0170",""
"195","ldg_2004_06_0171",""
"196","ldg_2004_06_0172",""
"197","ldg_2004_06_0173",""
"198","ldg_2004_06_0174",""
"199","ldg_2004_06_0176",""
"200","ldg_2004_07_0175",""
"201","ldg_2004_07_0179",""
"202","ldg_2004_07_0180",""
"203","ldg_2004_07_0181",""
"204","ldg_2004_07_0182",""
"205","ldg_2004_07_0183",""
"206","ldg_2004_07_0184",""
"207","ldg_2004_07_0185",""
"208","ldg_2004_07_0186",""
"209","ldg_2004_07_0187",""
"210","ldg_2004_07_0188",""
"211","ldg_2004_07_0189",""
"212","ldg_2004_07_0190",""
"213","ldg_2004_07_0191",""
"214","ldg_2004_07_0192",""
"215","ldg_2004_07_0193",""
"216","ldg_2004_07_0221",""
"217","ldg_2004_08_0194",""
"218","ldg_2004_08_0195",""
"219","ldg_2004_08_0196",""
"220","ldg_2004_08_0199",""
"221","ldg_2004_08_0200",""
"222","ldg_2004_08_0201",""
"223","ldg_2004_08_0202",""
"224","ldg_2004_08_0203",""
"225","ldg_2004_08_0204",""
"226","ldg_2004_08_0205",""
"227","ldg_2004_08_0206",""
"228","ldg_2004_08_0207",""
"229","ldg_2004_08_0208",""
"230","ldg_2004_08_0209",""
"231","ldg_2004_08_0211",""
"232","ldg_2004_08_0212",""
"233","ldg_2004_08_0797",""
"234","ldg_2004_08_998",""
"235","ldg_2004_09_0213",""
"236","ldg_2004_09_0214",""
"237","ldg_2004_09_0215",""
"238","ldg_2004_09_0216",""
"239","ldg_2004_09_0217",""
"240","ldg_2004_09_0218",""
"241","ldg_2004_09_0219",""
"242","ldg_2004_09_0220",""
"243","ldg_2004_09_0222",""
"244","ldg_2004_09_0223",""
"245","ldg_2004_09_0224",""
"246","ldg_2004_09_0225",""
"247","ldg_2004_09_0226",""
"248","ldg_2004_09_0227",""
"249","ldg_2004_09_0228",""
"250","ldg_2004_09_0229",""
"251","ldg_2004_09_0230",""
"252","ldg_2004_10_0231",""
"253","ldg_2004_10_0232",""
"254","ldg_2004_10_0233",""
"255","ldg_2004_10_0234",""
"256","ldg_2004_10_0235",""
"257","ldg_2004_10_0236",""
"258","ldg_2004_10_0237",""
"259","ldg_2004_10_0238",""
"260","ldg_2004_11_0240",""
"261","ldg_2004_11_0241",""
"262","ldg_2004_11_0242",""
"263","ldg_2004_11_0243",""
"264","ldg_2004_11_0244",""
"265","ldg_2004_11_0245",""
"266","ldg_2004_11_0246",""
"267","ldg_2004_11_0247",""
"268","ldg_2004_11_0248",""
"269","ldg_2004_12_0249",""
"270","ldg_2004_12_0250",""
"271","ldg_2004_12_0251",""
"272","ldg_2004_12_0252",""
"273","ldg_2004_12_0253",""
"274","ldg_2004_12_0254",""
"275","ldg_2005_01_0255",""
"276","ldg_2005_01_0256",""
"277","ldg_2005_01_0257",""
"278","ldg_2005_01_0258",""
"279","ldg_2005_01_0259",""
"280","ldg_2005_01_0260",""
"281","ldg_2005_01_0279",""
"282","ldg_2005_02_0261",""
"283","ldg_2005_02_0262",""
"284","ldg_2005_02_0263",""
"285","ldg_2005_02_0264",""
"286","ldg_2005_02_0265",""
"287","ldg_2005_02_0266",""
"288","ldg_2005_02_0267",""
"289","ldg_2005_02_0268",""
"290","ldg_2005_03_0269",""
"291","ldg_2005_03_0270",""
"292","ldg_2005_03_0271",""
"293","ldg_2005_03_0272",""
"294","ldg_2005_03_0273",""
"295","ldg_2005_03_0274",""
"296","ldg_2005_03_0275",""
"297","ldg_2005_03_0276",""
"298","ldg_2005_03_0277",""
"299","ldg_2005_03_0278",""
"300","ldg_2005_03_0280",""
"301","ldg_2005_03_0281",""
"302","ldg_2005_03_0282",""
"303","ldg_2005_03_0283",""
"304","ldg_2005_03_0284",""
"305","ldg_2005_04_0285",""
"306","ldg_2005_04_0286",""
"307","ldg_2005_04_0287",""
"308","ldg_2005_04_0288",""
"309","ldg_2005_04_0289",""
"310","ldg_2005_04_0290",""
"311","ldg_2005_04_0291",""
"312","ldg_2005_04_0292",""
"313","ldg_2005_04_0293",""
"314","ldg_2005_04_0294",""
"315","ldg_2005_04_0295",""
"316","ldg_2005_04_0296",""
"317","ldg_2005_04_0297",""
"318","ldg_2005_04_0298",""
"319","ldg_2005_05_0299",""
"320","ldg_2005_05_0300",""
"321","ldg_2005_05_0301",""
"322","ldg_2005_05_0302",""
"323","ldg_2005_05_0303",""
"324","ldg_2005_05_0304",""
"325","ldg_2005_05_0305",""
"326","ldg_2005_05_0306",""
"327","ldg_2005_05_0307",""
"328","ldg_2005_06_0308",""
"329","ldg_2005_06_0309",""
"330","ldg_2005_06_0312",""
"331","ldg_2005_06_0313",""
"332","ldg_2005_06_0315",""
"333","ldg_2005_06_0316",""
"334","ldg_2005_06_0317",""
"335","ldg_2005_06_0318",""
"336","ldg_2005_06_0319",""
"337","ldg_2005_06_0320",""
"338","ldg_2005_06_0321",""
"339","ldg_2005_06_0322",""
"340","ldg_2005_06_0323",""
"341","ldg_2005_06_0324",""
"342","ldg_2005_07_0325",""
"343","ldg_2005_07_0326",""
"344","ldg_2005_07_0328",""
"345","ldg_2005_07_0329",""
"346","ldg_2005_07_0330",""
"347","ldg_2005_07_0331",""
"348","ldg_2005_07_0332",""
"349","ldg_2005_07_0333",""
"350","ldg_2005_07_0334",""
"351","ldg_2005_08_0310",""
"352","ldg_2005_08_0335",""
"353","ldg_2005_08_0336",""
"354","ldg_2005_08_0337",""
"355","ldg_2005_08_0338",""
"356","ldg_2005_08_0339",""
"357","ldg_2005_08_0340",""
"358","ldg_2005_08_0341",""
"359","ldg_2005_08_0342",""
"360","ldg_2005_08_0343",""
"361","ldg_2005_08_0344",""
"362","ldg_2005_08_0345",""
"363","ldg_2005_09_0346",""
"364","ldg_2005_09_0347",""
"365","ldg_2005_09_0348",""
"366","ldg_2005_09_0350",""
"367","ldg_2005_09_0351",""
"368","ldg_2005_09_0352",""
"369","ldg_2005_10_0353",""
"370","ldg_2005_10_0354",""
"371","ldg_2005_10_0355",""
"372","ldg_2005_10_0356",""
"373","ldg_2005_10_0358",""
"374","ldg_2005_10_0359",""
"375","ldg_2005_10_0360",""
"376","ldg_2005_10_0361",""
"377","ldg_2005_10_0363",""
"378","ldg_2005_10_0364",""
"379","ldg_2005_10_0365",""
"380","ldg_2005_10_0366",""
"381","ldg_2005_10_0367",""
"382","ldg_2005_10_0368",""
"383","ldg_2005_10_0370",""
"384","ldg_2005_10_0371",""
"385","ldg_2005_10_0372",""
"386","ldg_2005_10_0373",""
"387","ldg_2005_10_0374",""
"388","ldg_2005_10_0375",""
"389","ldg_2005_10_0376",""
"390","ldg_2005_10_0377",""
"391","ldg_2005_10_0378",""
"392","ldg_2005_10_0379",""
"393","ldg_2005_10_0380",""
"394","ldg_2005_10_0381",""
"395","ldg_2005_10_0382",""
"396","ldg_2005_10_0383",""
"397","ldg_2005_10_0384",""
"398","ldg_2005_10_0385",""
"399","ldg_2005_10_0386",""
"400","ldg_2005_10_0387",""
"401","ldg_2005_10_0388",""
"402","ldg_2005_10_0389",""
"403","ldg_2005_10_0390",""
"404","ldg_2005_10_0392",""
"405","ldg_2005_10_0393",""
"406","ldg_2005_10_0394",""
"407","ldg_2005_10_0395",""
"408","ldg_2005_10_0396",""
"409","ldg_2005_10_0398",""
"410","ldg_2005_10_0399",""
"411","ldg_2005_10_0400",""
"412","ldg_2005_10_0402",""
"413","ldg_2005_10_0403",""
"414","ldg_2005_10_0404",""
"415","ldg_2005_10_0405",""
"416","ldg_2005_10_0406",""
"417","ldg_2005_10_0407",""
"418","ldg_2005_10_0408",""
"419","ldg_2005_10_0409",""
"420","ldg_2005_10_0410",""
"421","ldg_2005_10_0411",""
"422","ldg_2005_10_0412",""
"423","ldg_2005_10_0413",""
"424","ldg_2005_10_0414",""
"425","ldg_2005_10_0415",""
"426","ldg_2005_10_0416",""
"427","ldg_2005_10_0417",""
"428","ldg_2005_10_0418",""
"429","ldg_2005_10_0419",""
"430","ldg_2005_10_0420",""
"431","ldg_2005_10_0422",""
"432","ldg_2005_10_0423",""
"433","ldg_2005_10_0424",""
"434","ldg_2005_10_0425",""
"435","ldg_2005_10_0426",""
"436","ldg_2005_10_0428",""
"437","ldg_2005_10_0429",""
"438","ldg_2005_10_0430",""
"439","ldg_2005_10_0431",""
"440","ldg_2005_11_0432",""
"441","ldg_2005_11_0433",""
"442","ldg_2005_11_0434",""
"443","ldg_2005_11_0435",""
"444","ldg_2005_11_0436",""
"445","ldg_2005_11_0437",""
"446","ldg_2005_11_0438",""
"447","ldg_2005_11_0439",""
"448","ldg_2005_11_0440",""
"449","ldg_2005_11_0441",""
"450","ldg_2005_11_0442",""
"451","ldg_2005_11_0443",""
"452","ldg_2005_11_0445",""
"453","ldg_2005_11_0446",""
"454","ldg_2005_11_0447",""
"455","ldg_2005_11_0448",""
"456","ldg_2005_12_0449",""
"457","ldg_2005_12_0450",""
"458","ldg_2005_12_0451",""
"459","ldg_2005_12_0452",""
"460","ldg_2005_12_0453",""
"461","ldg_2005_12_0454",""
"462","ldg_2006_01_0455",""
"463","ldg_2006_01_0456",""
"464","ldg_2006_01_0457",""
"465","ldg_2006_01_0459",""
"466","ldg_2006_01_0460",""
"467","ldg_2006_01_1458",""
"468","ldg_2006_02_0461",""
"469","ldg_2006_02_0462",""
"470","ldg_2006_02_0463",""
"471","ldg_2006_02_0464",""
"472","ldg_2006_02_0465",""
"473","ldg_2006_02_0466",""
"474","ldg_2006_02_0467",""
"475","ldg_2006_02_0468",""
"476","ldg_2006_02_0469",""
"477","ldg_2006_02_0470",""
"478","ldg_2006_02_0471",""
"479","ldg_2006_02_0472",""
"480","ldg_2006_02_0473",""
"481","ldg_2006_03_0429",""
"482","ldg_2006_03_0474",""
"483","ldg_2006_03_0475",""
"484","ldg_2006_03_0476",""
"485","ldg_2006_03_0477",""
"486","ldg_2006_03_0478",""
"487","ldg_2006_03_0480",""
"488","ldg_2006_03_0481",""
"489","ldg_2006_03_0482",""
"490","ldg_2006_03_0483",""
"491","ldg_2006_03_0484",""
"492","ldg_2006_03_0485",""
"493","ldg_2006_03_0486",""
"494","ldg_2006_03_0487",""
"495","ldg_2006_03_0488",""
"496","ldg_2006_03_0489",""
"497","ldg_2006_04_0407",""
"498","ldg_2006_04_0490",""
"499","ldg_2006_04_0491",""
"500","ldg_2006_04_0493",""
"501","ldg_2006_04_0494",""
"502","ldg_2006_04_0495",""
"503","ldg_2006_04_0496",""
"504","ldg_2006_04_0498",""
"505","ldg_2006_04_0499",""
"506","ldg_2006_04_0500",""
"507","ldg_2006_05_0501",""
"508","ldg_2006_05_0502",""
"509","ldg_2006_05_0503",""
"510","ldg_2006_05_0504",""
"511","ldg_2006_05_0505",""
"512","ldg_2006_05_0506",""
"513","ldg_2006_05_0507",""
"514","ldg_2006_05_0508",""
"515","ldg_2006_05_0509",""
"516","ldg_2006_05_0510",""
"517","ldg_2006_05_0511",""
"518","ldg_2006_05_0512",""
"519","ldg_2006_05_0513",""
"520","ldg_2006_05_0514",""
"521","ldg_2006_05_0515",""
"522","ldg_2006_05_0516",""
"523","ldg_2006_05_0517",""
"524","ldg_2006_05_0518",""
"525","ldg_2006_05_0519",""
"526","ldg_2006_05_0520",""
"527","ldg_2006_05_0521",""
"528","ldg_2006_05_0522",""
"529","ldg_2006_05_0523",""
"530","ldg_2006_05_0524",""
"531","ldg_2006_05_0525",""
"532","ldg_2006_05_0526",""
"533","ldg_2006_05_0527",""
"534","ldg_2006_05_0528",""
"535","ldg_2006_05_0529",""
"536","ldg_2006_05_0530",""
"537","ldg_2006_05_0531",""
"538","ldg_2006_05_0532",""
"539","ldg_2006_05_0533",""
"540","ldg_2006_05_0534",""
"541","ldg_2006_05_0535",""
"542","ldg_2006_05_0536",""
"543","ldg_2006_05_0537",""
"544","ldg_2006_05_0538",""
"545","ldg_2006_05_0539",""
"546","ldg_2006_05_0540",""
"547","ldg_2006_05_0541",""
"548","ldg_2006_05_0542",""
"549","ldg_2006_05_0543",""
"550","ldg_2006_05_0544",""
"551","ldg_2006_05_0545",""
"552","ldg_2006_05_0546",""
"553","ldg_2006_05_0547",""
"554","ldg_2006_05_0549",""
"555","ldg_2006_05_0550",""
"556","ldg_2006_05_0551",""
"557","ldg_2006_05_0552",""
"558","ldg_2006_05_0553",""
"559","ldg_2006_05_0554",""
"560","ldg_2006_05_0555",""
"561","ldg_2006_05_0556",""
"562","ldg_2006_05_0557",""
"563","ldg_2006_05_0558",""
"564","ldg_2006_05_0559",""
"565","ldg_2006_05_0560",""
"566","ldg_2006_05_0561",""
"567","ldg_2006_05_0562",""
"568","ldg_2006_05_0563",""
"569","ldg_2006_05_0564",""
"570","ldg_2006_05_0565",""
"571","ldg_2006_05_0566",""
"572","ldg_2006_05_0567",""
"573","ldg_2006_05_0568",""
"574","ldg_2006_05_0569",""
"575","ldg_2006_05_0570",""
"576","ldg_2006_05_0571",""
"577","ldg_2006_05_0572",""
"578","ldg_2006_05_0573",""
"579","ldg_2006_05_0574",""
"580","ldg_2006_05_0575",""
"581","ldg_2006_05_0576",""
"582","ldg_2006_05_0577",""
"583","ldg_2006_05_0578",""
"584","ldg_2006_05_0579",""
"585","ldg_2006_05_0580",""
"586","ldg_2006_05_0581",""
"587","ldg_2006_05_0582",""
"588","ldg_2006_05_0583",""
"589","ldg_2006_05_0584",""
"590","ldg_2006_06_0585",""
"591","ldg_2006_06_0586",""
"592","ldg_2006_06_0587",""
"593","ldg_2006_06_0588",""
"594","ldg_2006_06_0589",""
"595","ldg_2006_06_0590",""
"596","ldg_2006_06_0591",""
"597","ldg_2006_06_0592",""
"598","ldg_2006_06_0593",""
"599","ldg_2006_06_0594",""
"600","ldg_2006_06_0595",""
"601","ldg_2006_06_0596",""
"602","ldg_2006_06_0597",""
"603","ldg_2006_06_0598",""
"604","ldg_2006_06_0599",""
"605","ldg_2006_06_0600",""
"606","ldg_2006_06_0601",""
"607","ldg_2006_06_0602",""
"608","ldg_2006_06_0603",""
"609","ldg_2006_06_0604",""
"610","ldg_2006_06_0605",""
"611","ldg_2006_06_0606",""
"612","ldg_2006_06_0607",""
"613","ldg_2006_06_0690",""
"614","ldg_2006_07_0608",""
"615","ldg_2006_07_0609",""
"616","ldg_2006_07_0610",""
"617","ldg_2006_07_0611",""
"618","ldg_2006_07_0613",""
"619","ldg_2006_07_0614",""
"620","ldg_2006_07_0615",""
"621","ldg_2006_07_0616",""
"622","ldg_2006_07_0617",""
"623","ldg_2006_07_0618",""
"624","ldg_2006_07_0619",""
"625","ldg_2006_07_0620",""
"626","ldg_2006_07_0621",""
"627","ldg_2006_07_0622",""
"628","ldg_2006_07_0623",""
"629","ldg_2006_07_0624",""
"630","ldg_2006_07_0625",""
"631","ldg_2006_07_0626",""
"632","ldg_2006_07_0627",""
"633","ldg_2006_07_0628",""
"634","ldg_2006_07_0629",""
"635","ldg_2006_07_0630",""
"636","ldg_2006_07_0631",""
"637","ldg_2006_07_0632",""
"638","ldg_2006_07_0633",""
"639","ldg_2006_07_0634",""
"640","ldg_2006_07_0635",""
"641","ldg_2006_08_0636",""
"642","ldg_2006_08_0639",""
"643","ldg_2006_08_0640",""
"644","ldg_2006_08_0641",""
"645","ldg_2006_08_0642",""
"646","ldg_2006_08_0688",""
"647","ldg_2006_09_0643",""
"648","ldg_2006_09_0644",""
"649","ldg_2006_09_0645",""
"650","ldg_2006_09_0646",""
"651","ldg_2006_09_0648",""
"652","ldg_2006_09_0649",""
"653","ldg_2006_09_0650",""
"654","ldg_2006_09_0651",""
"655","ldg_2006_09_0652",""
"656","ldg_2006_09_0653",""
"657","ldg_2006_09_0654",""
"658","ldg_2006_09_0655",""
"659","ldg_2006_09_0656",""
"660","ldg_2006_09_0657",""
"661","ldg_2006_10_0653",""
"662","ldg_2006_10_0658",""
"663","ldg_2006_10_0660",""
"664","ldg_2006_11_0661",""
"665","ldg_2006_11_0662",""
"666","ldg_2006_11_0663",""
"667","ldg_2006_11_0664",""
"668","ldg_2006_11_0665",""
"669","ldg_2006_12_0666",""
"670","ldg_2006_12_0667",""
"671","ldg_2006_18_0637",""
"672","ldg_2007_01_0668",""
"673","ldg_2007_01_0669",""
"674","ldg_2007_01_0670",""
"675","ldg_2007_01_0671",""
"676","ldg_2007_01_0672",""
"677","ldg_2007_01_0673",""
"678","ldg_2007_01_0674",""
"679","ldg_2007_01_0675",""
"680","ldg_2007_01_0676",""
"681","ldg_2007_02_0677",""
"682","ldg_2007_02_0678",""
"683","ldg_2007_02_0679",""
"684","ldg_2007_02_0680",""
"685","ldg_2007_02_0681",""
"686","ldg_2007_03_0682",""
"687","ldg_2007_03_0683",""
"688","ldg_2007_03_0684",""
"689","ldg_2007_03_0685",""
"690","ldg_2007_03_0686",""
"691","ldg_2007_03_0687",""
"692","ldg_2007_03_0688",""
"693","ldg_2007_04_0097",""
"694","ldg_2007_04_0689",""
"695","ldg_2007_04_0690",""
"696","ldg_2007_04_0691",""
"697","ldg_2007_04_0692",""
"698","ldg_2007_04_0693",""
"699","ldg_2007_04_0694",""
"700","ldg_2007_04_0695",""
"701","ldg_2007_04_0696",""
"702","ldg_2007_04_0698",""
"703","ldg_2007_04_0699",""
"704","ldg_2007_04_0700",""
"705","ldg_2007_04_0701",""
"706","ldg_2007_04_0702",""
"707","ldg_2007_05_0703",""
"708","ldg_2007_05_0704",""
"709","ldg_2007_05_0705",""
"710","ldg_2007_05_0706",""
"711","ldg_2007_05_0707",""
"712","ldg_2007_05_0708",""
"713","ldg_2007_05_0709",""
"714","ldg_2007_05_0711",""
"715","ldg_2007_05_0712",""
"716","ldg_2007_05_0713",""
"717","ldg_2007_05_0714",""
"718","ldg_2007_05_0715",""
"719","ldg_2007_05_0716",""
"720","ldg_2007_05_0717",""
"721","ldg_2007_06_0718",""
"722","ldg_2007_06_0719",""
"723","ldg_2007_06_0720",""
"724","ldg_2007_06_0721",""
"725","ldg_2007_06_0722",""
"726","ldg_2007_06_0723",""
"727","ldg_2007_06_0724",""
"728","ldg_2007_06_0725",""
"729","ldg_2007_06_0726",""
"730","ldg_2007_06_0727",""
"731","ldg_2007_06_0728",""
"732","ldg_2007_06_0729",""
"733","ldg_2007_07_0732",""
"734","ldg_2007_07_0733",""
"735","ldg_2007_07_0735",""
"736","ldg_2007_07_0736",""
"737","ldg_2007_07_0737",""
"738","ldg_2007_07_0738",""
"739","ldg_2007_07_0741",""
"740","ldg_2007_07_0742",""
"741","ldg_2007_07_0743",""
"742","ldg_2007_07_0744",""
"743","ldg_2007_07_0745",""
"744","ldg_2007_07_0749",""
"745","ldg_2007_07_731",""
"746","ldg_2007_08_0746",""
"747","ldg_2007_08_0747",""
"748","ldg_2007_08_0748",""
"749","ldg_2007_08_0749",""
"750","ldg_2007_08_0750",""
"751","ldg_2007_08_0751",""
"752","ldg_2007_08_0752",""
"753","ldg_2007_08_0753",""
"754","ldg_2007_08_0754",""
"755","ldg_2007_08_0755",""
"756","ldg_2007_08_0756",""
"757","ldg_2007_08_0757",""
"758","ldg_2007_08_0758",""
"759","ldg_2007_09_0707",""
"760","ldg_2007_10_0768",""
"761","ldg_2007_10_0769",""
"762","ldg_2007_10_0770",""
"763","ldg_2007_11_0771",""
"764","ldg_2007_11_0772",""
"765","ldg_2007_11_0773",""
"766","ldg_2007_11_0774",""
"767","ldg_2007_11_0775",""
"768","ldg_2007_11_0776",""
"769","ldg_2007_11_0777",""
"770","ldg_2007_11_0779",""
"771","ldg_2007_11_0780",""
"772","ldg_2007_11_0781",""
"773","ldg_2007_11_0782",""
"774","ldg_2007_11_0783",""
"775","ldg_2007_12_0784",""
"776","ldg_2007_12_0785",""
"777","ldg_2007_12_0786",""
"778","ldg_2007_12_0787",""
"779","ldg_2007_12_0788",""
"780","ldg_2008_01_0789",""
"781","ldg_2008_01_0790",""
"782","ldg_2008_01_0791",""
"783","ldg_2008_01_0792",""
"784","ldg_2008_01_0793",""
"785","ldg_2008_01_0794",""
"786","ldg_2008_01_0795",""
"787","ldg_2008_01_0796",""
"788","ldg_2008_01_0797",""
"789","ldg_2008_02_0798",""
"790","ldg_2008_02_0799",""
"791","ldg_2008_02_0800",""
"792","ldg_2008_02_0802",""
"793","ldg_2008_02_0803",""
"794","ldg_2008_02_0804",""
"795","ldg_2008_04_0807",""
"796","ldg_2008_04_0808",""
"797","ldg_2008_04_0809",""
"798","ldg_2008_04_0810",""
"799","ldg_2008_04_0811",""
"800","ldg_2008_04_0812",""
"801","ldg_2008_04_0813",""
"802","ldg_2008_04_0814",""
"803","ldg_2008_04_0815",""
"804","ldg_2008_04_0816",""
"805","ldg_2008_04_0817",""
"806","ldg_2008_04_0818",""
"807","ldg_2008_04_0819",""
"808","ldg_2008_04_0820",""
"809","ldg_2008_05_0821",""
"810","ldg_2008_05_0822",""
"811","ldg_2008_05_0823",""
"812","ldg_2008_05_0824",""
"813","ldg_2008_05_0825",""
"814","ldg_2008_05_0826",""
"815","ldg_2008_06_0827",""
"816","ldg_2008_06_0828",""
"817","ldg_2008_06_0829",""
"818","ldg_2008_06_0830",""
"819","ldg_2008_06_0831",""
"820","ldg_2008_06_0832",""
"821","ldg_2008_06_0833",""
"822","ldg_2008_06_0839",""
"823","ldg_2008_07_0834",""
"824","ldg_2008_07_0835",""
"825","ldg_2008_07_0836",""
"826","ldg_2008_07_0837",""
"827","ldg_2008_07_0838",""
"828","ldg_2008_07_0840",""
"829","ldg_2008_07_0841",""
"830","ldg_2008_07_0842",""
"831","ldg_2008_07_0843",""
"832","ldg_2008_07_0845",""
"833","ldg_2008_07_0846",""
"834","ldg_2008_07_0847",""
"835","ldg_2008_08_0759",""
"836","ldg_2008_08_0760",""
"837","ldg_2008_08_0761",""
"838","ldg_2008_08_0762",""
"839","ldg_2008_08_0763",""
"840","ldg_2008_08_0764",""
"841","ldg_2008_08_0765",""
"842","ldg_2008_08_0848",""
"843","ldg_2008_08_0849",""
"844","ldg_2008_08_0850",""
"845","ldg_2008_08_0851",""
"846","ldg_2008_08_0852",""
"847","ldg_2008_08_0853",""
"848","ldg_2008_08_0936",""
"849","ldg_2008_09_0854",""
"850","ldg_2008_09_0855",""
"851","ldg_2008_09_0856",""
"852","ldg_2008_09_0857",""
"853","ldg_2008_09_0858",""
"854","ldg_2008_09_0859",""
"855","ldg_2008_09_0860",""
"856","ldg_2008_09_0861",""
"857","ldg_2008_09_0862",""
"858","ldg_2008_10_0863",""
"859","ldg_2008_10_0864",""
"860","ldg_2008_10_0865",""
"861","ldg_2008_10_0866",""
"862","ldg_2008_10_0867",""
"863","ldg_2008_10_0868",""
"864","ldg_2008_10_0869",""
"865","ldg_2008_10_0870",""
"866","ldg_2008_11_0871",""
"867","ldg_2008_11_0872",""
"868","ldg_2008_11_0873",""
"869","ldg_2008_11_0874",""
"870","ldg_2008_11_0875",""
"871","ldg_2008_11_0876",""
"872","ldg_2008_11_0877",""
"873","ldg_2008_11_0878",""
"874","ldg_2008_11_0879",""
"875","ldg_2008_11_0880",""
"876","ldg_2008_11_0881",""
"877","ldg_2008_11_0882",""
"878","ldg_2008_11_0883",""
"879","ldg_2008_11_0884",""
"880","ldg_2008_12_0885",""
"881","ldg_2008_12_0886",""
"882","ldg_2008_12_0887",""
"883","ldg_2009_01_0888",""
"884","ldg_2009_01_0889",""
"885","ldg_2009_01_0890",""
"886","ldg_2009_01_0891",""
"887","ldg_2009_01_0893",""
"888","ldg_2009_01_0894",""
"889","ldg_2009_01_0896",""
"890","ldg_2009_02_0897",""
"891","ldg_2009_02_0898",""
"892","ldg_2009_02_0899",""
"893","ldg_2009_02_0900",""
"894","ldg_2009_02_0901",""
"895","ldg_2009_02_0903",""
"896","ldg_2009_02_0904",""
"897","ldg_2009_03_0107",""
"898","ldg_2009_03_0904",""
"899","ldg_2009_03_0905",""
"900","ldg_2009_03_0906",""
"901","ldg_2009_03_0908",""
"902","ldg_2009_03_0909",""
"903","ldg_2009_03_0910",""
"904","ldg_2009_03_0911",""
"905","ldg_2009_03_0912",""
"906","ldg_2009_04_0913",""
"907","ldg_2009_04_0914",""
"908","ldg_2009_04_0915",""
"909","ldg_2009_04_0916",""
"910","ldg_2009_04_0917",""
"911","ldg_2009_05_0918",""
"912","ldg_2009_05_0919",""
"913","ldg_2009_05_0920",""
"914","ldg_2009_05_0921",""
"915","ldg_2009_05_0922",""
"916","ldg_2009_05_0923",""
"917","ldg_2009_05_0924",""
"918","ldg_2009_05_0925",""
"919","ldg_2009_06_0926",""
"920","ldg_2009_06_0927",""
"921","ldg_2009_06_0928",""
"922","ldg_2009_06_0929",""
"923","ldg_2009_06_0930",""
"924","ldg_2009_06_0931",""
"925","ldg_2009_07_0844",""
"926","ldg_2009_07_0932",""
"927","ldg_2009_07_0933",""
"928","ldg_2009_07_0934",""
"929","ldg_2009_08_0935",""
"930","ldg_2009_08_0937",""
"931","ldg_2009_08_0938",""
"932","ldg_2009_08_0939",""
"933","ldg_2009_09_0940",""
"934","ldg_2009_09_0941",""
"935","ldg_2009_09_0942",""
"936","ldg_2009_09_0943",""
"937","ldg_2009_09_0944",""
"938","ldg_2009_10_0892",""
"939","ldg_2009_10_0945",""
"940","ldg_2009_10_0946",""
"941","ldg_2009_10_0947",""
"942","ldg_2009_10_0948",""
"943","ldg_2009_10_0949",""
"944","ldg_2009_11_0950",""
"945","ldg_2009_11_0951",""
"946","ldg_2009_11_0952",""
"947","ldg_2009_11_0953",""
"948","ldg_2009_11_0954",""
"949","ldg_2009_11_0955",""
"950","ldg_2009_11_0956",""
"951","ldg_2009_11_0957",""
"952","ldg_2009_11_0958",""
"953","ldg_2009_11_0959",""
"954","ldg_2009_11_0960",""
"955","ldg_2009_12_0961",""
"956","ldg_2009_12_0962",""
"957","ldg_2009_12_0963",""
"958","ldg_2010_01_0964",""
"959","ldg_2010_01_0965",""
"960","ldg_2010_01_0966",""
"961","ldg_2010_01_0967",""
"962","ldg_2010_01_0968",""
"963","ldg_2010_01_0969",""
"964","ldg_2010_01_0970",""
"965","ldg_2010_01_0971",""
"966","ldg_2010_01_0972",""
"967","ldg_2010_01_0973",""
"968","ldg_2010_01_0974",""
"969","ldg_2010_01_0975",""
"970","ldg_2010_01_0976",""
"971","ldg_2010_02_0977",""
"972","ldg_2010_02_0978",""
"973","ldg_2010_02_0979",""
"974","ldg_2010_02_0980",""
"975","ldg_2010_02_0981",""
"976","ldg_2010_02_0982",""
"977","ldg_2010_03_0983",""
"978","ldg_2010_03_0984",""
"979","ldg_2010_03_0985",""
"980","ldg_2010_03_0986",""
"981","ldg_2010_03_0987",""
"982","ldg_2010_04_0988",""
"983","ldg_2010_04_0989",""
"984","ldg_2010_04_0990",""
"985","ldg_2010_04_0991",""
"986","ldg_2010_04_0992",""
"987","ldg_2010_04_0993",""
"988","ldg_2010_04_0994",""
"989","ldg_2010_04_0995",""
"990","ldg_2010_04_0996",""
"991","ldg_2010_04_0997",""
"992","ldg_2010_04_0998",""
"993","ldg_2010_04_0999",""
"994","ldg_2010_04_1000",""
"995","ldg_2010_04_1001",""
"996","ldg_2010_04_1002",""
"997","ldg_2010_05_1003",""
"998","ldg_2010_05_1004",""
"999","ldg_2010_05_1005",""
"1000","ldg_2010_05_1006",""
"1001","ldg_2010_05_1007",""
"1002","ldg_2010_05_1008",""
"1003","ldg_2010_05_1009",""
"1004","ldg_2010_05_1010",""
"1005","ldg_2010_05_1011",""
"1006","ldg_2010_05_1012",""
"1007","ldg_2010_05_1013",""
"1008","ldg_2010_05_1014",""
"1009","ldg_2010_05_1015",""
"1010","ldg_2010_05_1016",""
"1011","ldg_2010_05_1017",""
"1012","ldg_2010_05_1018",""
"1013","ldg_2010_05_1019",""
"1014","ldg_2010_05_1020",""
"1015","ldg_2010_05_1021",""
"1016","ldg_2010_05_1022",""
"1017","ldg_2010_05_1023",""
"1018","ldg_2010_05_1024",""
"1019","ldg_2010_05_1025",""
"1020","ldg_2010_05_1026",""
"1021","ldg_2010_05_1027",""
"1022","ldg_2010_05_1028",""
"1023","ldg_2010_05_1029",""
"1024","ldg_2010_05_1030",""
"1025","ldg_2010_05_1031",""
"1026","ldg_2010_05_1032",""
"1027","ldg_2010_05_1033",""
"1028","ldg_2010_05_1034",""
"1029","ldg_2010_05_1035",""
"1030","ldg_2010_06_1036",""
"1031","ldg_2010_06_1037",""
"1032","ldg_2010_06_1038",""
"1033","ldg_2010_06_1039",""
"1034","ldg_2010_06_1040",""
"1035","ldg_2010_06_1041",""
"1036","ldg_2010_06_1043",""
"1037","ldg_2010_06_1044",""
"1038","ldg_2010_06_1045",""
"1039","ldg_2010_06_1046",""
"1040","ldg_2010_06_1047",""
"1041","ldg_2010_06_1048",""
"1042","ldg_2010_06_1049",""
"1043","ldg_2010_07_1050",""
"1044","ldg_2010_07_1051",""
"1045","ldg_2010_07_1052",""
"1046","ldg_2010_07_1053",""
"1047","ldg_2010_07_1054",""
"1048","ldg_2010_07_1055",""
"1049","ldg_2010_07_1056",""
"1050","ldg_2010_07_1057",""
"1051","ldg_2010_07_1058",""
"1052","ldg_2010_07_1059",""
"1053","ldg_2010_07_1060",""
"1054","ldg_2010_07_1061",""
"1055","ldg_2010_07_1062",""
"1056","ldg_2010_07_1063",""
"1057","ldg_2010_07_1064",""
"1058","ldg_2010_07_1065",""
"1059","ldg_2010_07_1066",""
"1060","ldg_2010_08_1067",""
"1061","ldg_2010_08_1068",""
"1062","ldg_2010_08_1069",""
"1063","ldg_2010_08_1070",""
"1064","ldg_2010_08_1071",""
"1065","ldg_2010_08_1072",""
"1066","ldg_2010_08_1073",""
"1067","ldg_2010_08_1074",""
"1068","ldg_2010_08_1075",""
"1069","ldg_2010_08_1076",""
"1070","ldg_2010_08_1077",""
"1071","ldg_2010_08_1078",""
"1072","ldg_2010_08_1079",""
"1073","ldg_2010_08_1080",""
"1074","ldg_2010_08_1081",""
"1075","ldg_2010_08_1082",""
"1076","ldg_2010_08_1083",""
"1077","ldg_2010_08_1084",""
"1078","ldg_2010_08_1085",""
"1079","ldg_2010_08_1086",""
"1080","ldg_2010_08_1087",""
"1081","ldg_2010_08_1088",""
"1082","ldg_2010_08_1090",""
"1083","ldg_2010_09_1089",""
"1084","ldg_2010_09_1091",""
"1085","ldg_2010_09_1092",""
"1086","ldg_2010_09_1093",""
"1087","ldg_2010_09_1094",""
"1088","ldg_2010_09_1095",""
"1089","ldg_2010_09_1096",""
"1090","ldg_2010_09_1097",""
"1091","ldg_2010_09_1098",""
"1092","ldg_2010_09_1099",""
"1093","ldg_2010_09_1100",""
"1094","ldg_2010_10_1101",""
"1095","ldg_2010_10_1102",""
"1096","ldg_2010_10_1103",""
"1097","ldg_2010_10_1104",""
"1098","ldg_2010_10_1105",""
"1099","ldg_2010_10_1106",""
"1100","ldg_2010_10_1107",""
"1101","ldg_2010_11_1108",""
"1102","ldg_2010_11_1109",""
"1103","ldg_2010_11_1110",""
"1104","ldg_2010_11_1111",""
"1105","ldg_2010_11_1112",""
"1106","ldg_2010_11_1113",""
"1107","ldg_2010_11_1114",""
"1108","ldg_2010_11_1115",""
"1109","ldg_2010_11_1116",""
"1110","ldg_2010_11_1117",""
"1111","ldg_2010_11_1118",""
"1112","ldg_2010_11_1119",""
"1113","ldg_2010_11_1120",""
"1114","ldg_2010_11_1121",""
"1115","ldg_2010_11_1122",""
"1116","ldg_2010_11_1123",""
"1117","ldg_2010_11_1124",""
"1118","ldg_2010_11_1125",""
"1119","ldg_2010_11_1126",""
"1120","ldg_2010_12_1127",""
"1121","ldg_2011_01_1128",""
"1122","ldg_2011_01_1129",""
"1123","ldg_2011_01_1130",""
"1124","ldg_2011_01_1131",""
"1125","ldg_2011_01_1132",""
"1126","ldg_2011_01_1133",""
"1127","ldg_2011_01_1134",""
"1128","ldg_2011_01_1135",""
"1129","ldg_2011_01_1136",""
"1130","ldg_2011_01_1137",""
"1131","ldg_2011_01_1138",""
"1132","ldg_2011_01_1139",""
"1133","ldg_2011_01_1140",""
"1134","ldg_2011_01_1141",""
"1135","ldg_2011_01_1142",""
"1136","ldg_2011_01_1143",""
"1137","ldg_2011_01_1144",""
"1138","ldg_2011_01_1145",""
"1139","ldg_2011_01_1146",""
"1140","ldg_2011_01_1147",""
"1141","ldg_2011_01_1148",""
"1142","ldg_2011_02_1151",""
"1143","ldg_2011_02_1153",""
"1144","ldg_2011_02_1154",""
"1145","ldg_2011_02_1155",""
"1146","ldg_2011_02_1156",""
"1147","ldg_2011_02_1157",""
"1148","ldg_2011_02_1158",""
"1149","ldg_2011_02_1159",""
"1150","ldg_2011_02_1160",""
"1151","ldg_2011_02_1161",""
"1152","ldg_2011_02_1162",""
"1153","ldg_2011_02_1163",""
"1154","ldg_2011_02_1164",""
"1155","ldg_2011_02_1165",""
"1156","ldg_2011_02_1166",""
"1157","ldg_2011_03_1167",""
"1158","ldg_2011_03_1168",""
"1159","ldg_2011_03_1169",""
"1160","ldg_2011_03_1170",""
"1161","ldg_2011_03_1171",""
"1162","ldg_2011_03_1172",""
"1163","ldg_2011_03_1173",""
"1164","ldg_2011_03_1175",""
"1165","ldg_2011_04_1174",""
"1166","ldg_2011_04_1177",""
"1167","ldg_2011_04_1178",""
"1168","ldg_2011_04_1179",""
"1169","ldg_2011_04_1180",""
"1170","ldg_2011_04_1181",""
"1171","ldg_2011_04_1182",""
"1172","ldg_2011_04_1183",""
"1173","ldg_2011_04_1184",""
"1174","ldg_2011_04_1185",""
"1175","ldg_2011_04_1186",""
"1176","ldg_2011_04_1187",""
"1177","ldg_2011_04_1188",""
"1178","ldg_2011_04_1189",""
"1179","ldg_2011_04_1190",""
"1180","ldg_2011_05_1191",""
"1181","ldg_2011_05_1192",""
"1182","ldg_2011_05_1193",""
"1183","ldg_2011_05_1194",""
"1184","ldg_2011_05_1195",""
"1185","ldg_2011_05_1196",""
"1186","ldg_2011_05_1197",""
"1187","ldg_2011_05_1198",""
"1188","ldg_2011_05_1199",""
"1189","ldg_2011_05_1200",""
"1190","ldg_2011_05_1201",""
"1191","ldg_2011_05_1202",""
"1192","ldg_2011_05_1203",""
"1193","ldg_2011_05_1204",""
"1194","ldg_2011_05_1205",""
"1195","ldg_2011_06_1206",""
"1196","ldg_2011_06_1207",""
"1197","ldg_2011_06_1208",""
"1198","ldg_2011_06_1209",""
"1199","ldg_2011_06_1210",""
"1200","ldg_2011_06_1211",""
"1201","ldg_2011_06_1212",""
"1202","ldg_2011_06_1213",""
"1203","ldg_2011_06_1214",""
"1204","ldg_2011_06_1215",""
"1205","ldg_2011_06_1216",""
"1206","ldg_2011_06_1217",""
"1207","ldg_2011_06_1218",""
"1208","ldg_2011_07_1220",""
"1209","ldg_2011_07_1221",""
"1210","ldg_2011_07_1222",""
"1211","ldg_2011_07_1223",""
"1212","ldg_2011_07_1224",""
"1213","ldg_2011_07_1225",""
"1214","ldg_2011_07_1226",""
"1215","ldg_2011_09_1227",""
"1216","ldg_2011_09_1228",""
"1217","ldg_2011_09_1229",""
"1218","ldg_2011_09_1230",""
"1219","ldg_2011_09_1231",""
"1220","ldg_2011_09_1232",""
"1221","ldg_2011_09_1233",""
"1222","ldg_2011_09_1234",""
"1223","ldg_2011_09_1235",""
"1224","ldg_2011_09_1236",""
"1225","ldg_2011_09_1237",""
"1226","ldg_2011_09_1238",""
"1227","ldg_2011_09_1239",""
"1228","ldg_2011_11_1240",""
"1229","ldg_2011_11_1241",""
"1230","ldg_2011_12_1242",""
"1231","ldg_2012_01_1243",""
"1232","ldg_2012_01_1244",""
"1233","ldg_2012_01_1245",""
"1234","ldg_2012_01_1246",""
"1235","ldg_2012_01_1247",""
"1236","ldg_2012_01_1248",""
"1237","ldg_2012_02_1250",""
"1238","ldg_2012_02_1251",""
"1239","ldg_2012_02_1252",""
"1240","ldg_2012_02_1253",""
"1241","ldg_2012_02_1254",""
"1242","ldg_2012_02_1256",""
"1243","ldg_2012_02_1257",""
"1244","ldg_2012_02_1258",""
"1245","ldg_2012_02_1259",""
"1246","ldg_2012_02_1260",""
"1247","ldg_2012_02_1261",""
"1248","ldg_2012_02_1262",""
"1249","ldg_2012_02_1263",""
"1250","ldg_2012_02_1264",""
"1251","ldg_2012_02_1265",""
"1252","ldg_2012_02_1266",""
"1253","ldg_2012_02_1267",""
"1254","ldg_2012_03_1268",""
"1255","ldg_2012_04_1269",""
"1256","ldg_2012_04_1270",""
"1257","ldg_2012_04_1271",""
"1258","ldg_2012_04_1272",""
"1259","ldg_2012_04_1273",""
"1260","ldg_2012_04_1274",""
"1261","ldg_2012_05_1275",""
"1262","ldg_2012_05_1276",""
"1263","ldg_2012_05_1277",""
"1264","ldg_2012_05_1278",""
"1265","ldg_2012_05_1280",""
"1266","ldg_2012_05_1281",""
"1267","ldg_2012_05_1282",""
"1268","ldg_2012_05_1283",""
"1269","ldg_2012_05_1284",""
"1270","ldg_2012_05_1286",""
"1271","ldg_2012_05_1287",""
"1272","ldg_2012_05_1288",""
"1273","ldg_2012_05_1289",""
"1274","ldg_2012_05_1290",""
"1275","ldg_2012_05_1291",""
"1276","ldg_2012_05_1292",""
"1277","ldg_2012_05_1293",""
"1278","ldg_2012_05_1294",""
"1279","ldg_2012_05_1295",""
"1280","ldg_2012_05_1296",""
"1281","ldg_2012_05_1297",""
"1282","ldg_2012_05_1298",""
"1283","ldg_2012_06_1299",""
"1284","ldg_2012_06_1300",""
"1285","ldg_2012_06_1301",""
"1286","ldg_2012_06_1302",""
"1287","ldg_2012_06_1303",""
"1288","ldg_2012_06_1304",""
"1289","ldg_2012_06_1305",""
"1290","ldg_2012_06_1306",""
"1291","ldg_2012_06_1307",""
"1292","ldg_2012_06_1308",""
"1293","ldg_2012_07_1309",""
"1294","ldg_2012_07_1310",""
"1295","ldg_2012_07_1311",""
"1296","ldg_2012_07_1313",""
"1297","ldg_2012_07_1315",""
"1298","ldg_2012_08_1316",""
"1299","ldg_2012_08_1317",""
"1300","ldg_2012_08_1318",""
"1301","ldg_2012_08_1319",""
"1302","ldg_2012_08_1320",""
"1303","ldg_2012_08_1321",""
"1304","ldg_2012_08_1322",""
"1305","ldg_2012_08_1323",""
"1306","ldg_2012_08_1324",""
"1307","ldg_2012_08_1325",""
"1308","ldg_2012_09_1326",""
"1309","ldg_2012_09_1327",""
"1310","ldg_2012_09_1329",""
"1311","ldg_2012_09_1330",""
"1312","ldg_2012_10_1331",""
"1313","ldg_2012_10_1332",""
"1314","ldg_2012_10_1333",""
"1315","ldg_2012_10_1334",""
"1316","ldg_2012_10_1335",""
"1317","ldg_2012_10_1336",""
"1318","ldg_2012_10_1337",""
"1319","ldg_2012_10_1338",""
"1320","ldg_2012_10_1339",""
"1321","ldg_2012_10_1340",""
"1322","ldg_2012_10_1341",""
"1323","ldg_2012_10_1342",""
"1324","ldg_2012_10_1343",""
"1325","ldg_2012_10_1344",""
"1326","ldg_2012_10_1345",""
"1327","ldg_2012_10_1346",""
"1328","ldg_2012_10_1347",""
"1329","ldg_2012_10_1348",""
"1330","ldg_2012_10_1349",""
"1331","ldg_2012_10_1356",""
"1332","ldg_2012_11_1351",""
"1333","ldg_2012_11_1352",""
"1334","ldg_2012_11_1353",""
"1335","ldg_2012_11_1354",""
"1336","ldg_2012_11_1355",""
"1337","ldg_2012_11_1357",""
"1338","ldg_2012_11_1359",""
"1339","ldg_2012_11_1360",""
"1340","ldg_2012_11_1361",""
"1341","ldg_2012_11_1362",""
"1342","ldg_2012_11_1363",""
"1343","ldg_2012_12_1364",""
"1344","ldg_2012_12_1365",""
"1345","ldg_2012_12_1366",""
"1346","ldg_2012_12_1367",""
"1347","ldg_2012_12_1368",""
"1348","ldg_2012_12_1369",""
"1349","ldg_2012_12_1370",""
"1350","ldg_2013_01_1371",""
"1351","ldg_2013_01_1372",""
"1352","ldg_2013_01_1373",""
"1353","ldg_2013_01_1374",""
"1354","ldg_2013_01_1375",""
"1355","ldg_2013_01_1376",""
"1356","ldg_2013_01_1377",""
"1357","ldg_2013_01_1378",""
"1358","ldg_2013_01_1379",""
"1359","ldg_2013_01_1380",""
"1360","ldg_2013_01_1381",""
"1361","ldg_2013_01_1383",""
"1362","ldg_2013_01_1384",""
"1363","ldg_2013_01_1385",""
"1364","ldg_2013_01_1386",""
"1365","ldg_2013_01_1387",""
"1366","ldg_2013_01_1388",""
"1367","ldg_2013_02_1389",""
"1368","ldg_2013_02_1390",""
"1369","ldg_2013_02_1391",""
"1370","ldg_2013_02_1392",""
"1371","ldg_2013_02_1393",""
"1372","ldg_2013_02_1394",""
"1373","ldg_2013_02_1395",""
"1374","ldg_2013_02_1396",""
"1375","ldg_2013_02_1397",""
"1376","ldg_2013_02_1398",""
"1377","ldg_2013_02_1399",""
"1378","ldg_2013_02_1400",""
"1379","ldg_2013_03_1401",""
"1380","ldg_2013_03_1402",""
"1381","ldg_2013_03_1403",""
"1382","ldg_2013_03_1404",""
"1383","ldg_2013_03_1405",""
"1384","ldg_2013_03_1407",""
"1385","ldg_2013_03_1408",""
"1386","ldg_2013_03_1409",""
"1387","ldg_2013_03_1410",""
"1388","ldg_2013_03_1411",""
"1389","ldg_2013_03_1412",""
"1390","ldg_2013_03_1413",""
"1391","ldg_2013_04_1414",""
"1392","ldg_2013_04_1415",""
"1393","ldg_2013_04_1416",""
"1394","ldg_2013_04_1417",""
"1395","ldg_2013_04_1418",""
"1396","ldg_2013_04_1419",""
"1397","ldg_2013_04_1420",""
"1398","ldg_2013_04_1421",""
"1399","ldg_2013_04_1422",""
"1400","ldg_2013_04_1423",""
"1401","ldg_2013_04_1424",""
"1402","ldg_2013_04_1425",""
"1403","ldg_2013_04_1426",""
"1404","ldg_2013_04_1429",""
"1405","ldg_2013_05_1430",""
"1406","ldg_2013_05_1431",""
"1407","ldg_2013_05_1432",""
"1408","ldg_2013_05_1433",""
"1409","ldg_2013_05_1434",""
"1410","ldg_2013_05_1435",""
"1411","ldg_2013_05_1439",""
"1412","ldg_2013_05_1440",""
"1413","ldg_2013_05_1441",""
"1414","ldg_2013_05_1442",""
"1415","ldg_2013_05_1443",""
"1416","ldg_2013_05_1444",""
"1417","ldg_2013_05_1448",""
"1418","ldg_2013_06_1446",""
"1419","ldg_2013_06_1447",""
"1420","ldg_2013_06_1448",""
"1421","ldg_2013_06_1449",""
"1422","ldg_2013_06_1450",""
"1423","ldg_2013_06_1451",""
"1424","ldg_2013_06_1452",""
"1425","ldg_2013_06_1453",""
"1426","ldg_2013_06_1454",""
"1427","ldg_2013_06_1455",""
"1428","ldg_2013_06_1456",""
"1429","ldg_2013_06_1457",""
"1430","ldg_2013_06_1458",""
"1431","ldg_2013_06_1459",""
"1432","ldg_2013_06_1460",""
"1433","ldg_2013_06_1461",""
"1434","ldg_2013_06_1463",""
"1435","ldg_2013_06_1464",""
"1436","ldg_2013_06_1465",""
"1437","ldg_2013_06_1466",""
"1438","ldg_2013_06_1467",""
"1439","ldg_2013_06_1468",""
"1440","ldg_2013_06_1469",""
"1441","ldg_2013_07_1470",""
"1442","ldg_2013_07_1471",""
"1443","ldg_2013_07_1472",""
"1444","ldg_2013_07_1473",""
"1445","ldg_2013_07_1474",""
"1446","ldg_2013_07_1475",""
"1447","ldg_2013_07_1476",""
"1448","ldg_2013_07_1477",""
"1449","ldg_2013_07_1478",""
"1450","ldg_2013_07_1479",""
"1451","ldg_2013_07_1480",""
"1452","ldg_2013_07_1481",""
"1453","ldg_2013_07_1482",""
"1454","ldg_2013_07_1483",""
"1455","ldg_2013_07_1484",""
"1456","ldg_2013_07_1485",""
"1457","ldg_2013_07_1486",""
"1458","ldg_2013_07_1487",""
"1459","ldg_2013_07_1488",""
"1460","ldg_2013_08_1406",""
"1461","ldg_2013_08_1489",""
"1462","ldg_2013_08_1490",""
"1463","ldg_2013_08_1491",""
"1464","ldg_2013_08_1492",""
"1465","ldg_2013_08_1493",""
"1466","ldg_2013_08_1494",""
"1467","ldg_2013_08_1495",""
"1468","ldg_2013_08_1496",""
"1469","ldg_2013_08_1497",""
"1470","ldg_2013_08_1498",""
"1471","ldg_2013_08_1499",""
"1472","ldg_2013_08_1500",""
"1473","ldg_2013_09_1501",""
"1474","ldg_2013_09_1502",""
"1475","ldg_2013_09_1503",""
"1476","ldg_2013_09_1504",""
"1477","ldg_2013_09_1505",""
"1478","ldg_2013_09_1506",""
"1479","ldg_2013_09_1507",""
"1480","ldg_2013_09_1508",""
"1481","ldg_2013_09_1509",""
"1482","ldg_2013_09_1510",""
"1483","ldg_2013_09_1511",""
"1484","ldg_2013_09_1512",""
"1485","ldg_2013_10_1513",""
"1486","ldg_2013_10_1514",""
"1487","ldg_2013_10_1515",""
"1488","ldg_2013_10_1516",""
"1489","ldg_2013_10_1517",""
"1490","ldg_2013_10_1518",""
"1491","ldg_2013_10_1519",""
"1492","ldg_2013_10_1520",""
"1493","ldg_2013_10_1521",""
"1494","ldg_2013_11_1522",""
"1495","ldg_2013_11_1523",""
"1496","ldg_2013_11_1524",""
"1497","ldg_2013_11_1525",""
"1498","ldg_2013_11_1526",""
"1499","ldg_2013_11_1527",""
"1500","ldg_2013_11_1528",""
"1501","ldg_2013_11_1529",""
"1502","ldg_2013_11_1530",""
"1503","ldg_2013_11_1531",""
"1504","ldg_tpl",""
"1505","ledger",""
"1506","or_log",""
"1507","other_payments",""
"1508","profile",""
"1509","rates",""
"1510","reporting",""
"1511","tablelisting",""
"1512","tbl_usr_crd",""
"1513","tp_awws",""
